{
  "b": 33,
  "disableInputWhenNotFocused": true,
  "mangledName": "credits",
  "name": "credits",
  "r": 126,
  "standardSortMethod": true,
  "stopSoundsOnStartup": true,
  "title": "",
  "v": 211,
  "uiSettings": {
    "grid": false,
    "gridType": "rectangular",
    "gridWidth": 32,
    "gridHeight": 32,
    "gridOffsetX": 0,
    "gridOffsetY": 0,
    "gridColor": 10401023,
    "gridAlpha": 0.8,
    "snap": false,
    "zoomFactor": 1,
    "windowMask": false
  },
  "objectsGroups": [],
  "variables": [],
  "instances": [
    {
      "angle": 0,
      "customSize": true,
      "height": 465,
      "layer": "",
      "name": "credits",
      "persistentUuid": "5e52b7bf-ab80-449e-b36d-8c6a24f990b1",
      "width": 218,
      "x": 12,
      "y": 64,
      "zOrder": 1,
      "numberProperties": [],
      "stringProperties": [],
      "initialVariables": []
    },
    {
      "angle": 0,
      "customSize": false,
      "height": 0,
      "layer": "top",
      "name": "title",
      "persistentUuid": "e958936f-9d89-41ea-abd3-8ede60c48c2f",
      "width": 0,
      "x": 10,
      "y": 12,
      "zOrder": 2,
      "numberProperties": [],
      "stringProperties": [],
      "initialVariables": []
    },
    {
      "angle": 0,
      "customSize": false,
      "height": 0,
      "layer": "top",
      "name": "inst",
      "persistentUuid": "bdce6426-383b-4e60-bb5f-83cd1ad50d56",
      "width": 0,
      "x": 122,
      "y": 10,
      "zOrder": 3,
      "numberProperties": [],
      "stringProperties": [],
      "initialVariables": []
    },
    {
      "angle": 0,
      "customSize": true,
      "height": 53,
      "layer": "",
      "name": "gren",
      "persistentUuid": "c45d647e-de5a-4b33-afc2-a59e2cdf3385",
      "width": 240,
      "x": 0,
      "y": 0,
      "zOrder": 4,
      "numberProperties": [],
      "stringProperties": [],
      "initialVariables": []
    },
    {
      "angle": 0,
      "customSize": false,
      "height": 0,
      "layer": "top",
      "name": "trans",
      "persistentUuid": "1d816edb-19d7-4e4b-961a-806f18f9f1d8",
      "width": 0,
      "x": 108,
      "y": 147,
      "zOrder": 5,
      "numberProperties": [],
      "stringProperties": [],
      "initialVariables": []
    },
    {
      "angle": 0,
      "customSize": true,
      "height": 143,
      "layer": "scroll",
      "name": "down",
      "persistentUuid": "8f91566b-b721-45c4-a54f-6aa174c84ab1",
      "width": 253,
      "x": -5,
      "y": 183,
      "zOrder": 6,
      "numberProperties": [],
      "stringProperties": [],
      "initialVariables": []
    },
    {
      "angle": 0,
      "customSize": true,
      "height": 131,
      "layer": "scroll",
      "name": "up",
      "persistentUuid": "a5c9c93e-eb6f-451c-b509-eb01e45465b0",
      "width": 260,
      "x": -3,
      "y": 52,
      "zOrder": 7,
      "numberProperties": [],
      "stringProperties": [],
      "initialVariables": []
    }
  ],
  "objects": [
    {
      "assetStoreId": "",
      "bold": false,
      "italic": false,
      "name": "credits",
      "smoothed": true,
      "tags": "",
      "type": "TextObject::Text",
      "underlined": false,
      "variables": [],
      "effects": [],
      "behaviors": [
        {
          "name": "InOnScreen",
          "type": "IsOnScreen::InOnScreen"
        }
      ],
      "string": "Developer: ItsIceCreeperPE (itsicecreeperpe.itch.io)\n\nAssets: \nGDevelop 5 Assets Store\n\nFonts used\nhttps://www.dafont.com/karmatic-arcade.font\nhttps://www.dafont.com/minecraft.font\nhttps://www.dafont.com/videotype.font\nhttps://www.dafont.com/arcadepix-plus.font\nArial\n\n",
      "font": "assets\\fonts\\minecraft.ttf",
      "characterSize": 20,
      "color": {
        "b": 5,
        "g": 117,
        "r": 65
      }
    },
    {
      "assetStoreId": "",
      "bold": false,
      "italic": false,
      "name": "title",
      "smoothed": true,
      "tags": "",
      "type": "TextObject::Text",
      "underlined": false,
      "variables": [],
      "effects": [],
      "behaviors": [],
      "string": "Credits",
      "font": "assets\\fonts\\arcadepix.ttf",
      "characterSize": 30,
      "color": {
        "b": 33,
        "g": 211,
        "r": 126
      }
    },
    {
      "assetStoreId": "",
      "bold": false,
      "italic": false,
      "name": "inst",
      "smoothed": true,
      "tags": "",
      "type": "TextObject::Text",
      "underlined": false,
      "variables": [],
      "effects": [],
      "behaviors": [],
      "string": "Press 8 to Scroll Up\nPress 2 to Scroll Down\nPress 7 to Exit",
      "font": "assets\\fonts\\minecraft.ttf",
      "characterSize": 10,
      "color": {
        "b": 33,
        "g": 211,
        "r": 126
      }
    },
    {
      "assetStoreId": "",
      "name": "gren",
      "tags": "",
      "type": "Sprite",
      "updateIfNotVisible": false,
      "variables": [],
      "effects": [],
      "behaviors": [],
      "animations": [
        {
          "name": "",
          "useMultipleDirections": false,
          "directions": [
            {
              "looping": false,
              "timeBetweenFrames": 0.08,
              "sprites": [
                {
                  "hasCustomCollisionMask": false,
                  "image": "assets\\placeholders\\gren-1.png",
                  "points": [],
                  "originPoint": {
                    "name": "origine",
                    "x": 0,
                    "y": 0
                  },
                  "centerPoint": {
                    "automatic": true,
                    "name": "centre",
                    "x": 0,
                    "y": 0
                  },
                  "customCollisionMask": []
                }
              ]
            }
          ]
        }
      ]
    },
    {
      "assetStoreId": "",
      "name": "up",
      "tags": "",
      "type": "Sprite",
      "updateIfNotVisible": false,
      "variables": [],
      "effects": [],
      "behaviors": [],
      "animations": [
        {
          "name": "",
          "useMultipleDirections": false,
          "directions": [
            {
              "looping": false,
              "timeBetweenFrames": 0.08,
              "sprites": [
                {
                  "hasCustomCollisionMask": false,
                  "image": "assets\\placeholders\\gren-1.png",
                  "points": [],
                  "originPoint": {
                    "name": "origine",
                    "x": 0,
                    "y": 0
                  },
                  "centerPoint": {
                    "automatic": true,
                    "name": "centre",
                    "x": 0,
                    "y": 0
                  },
                  "customCollisionMask": []
                }
              ]
            }
          ]
        }
      ]
    },
    {
      "assetStoreId": "",
      "name": "down",
      "tags": "",
      "type": "Sprite",
      "updateIfNotVisible": false,
      "variables": [],
      "effects": [],
      "behaviors": [],
      "animations": [
        {
          "name": "",
          "useMultipleDirections": false,
          "directions": [
            {
              "looping": false,
              "timeBetweenFrames": 0.08,
              "sprites": [
                {
                  "hasCustomCollisionMask": false,
                  "image": "assets\\placeholders\\gren-1.png",
                  "points": [],
                  "originPoint": {
                    "name": "origine",
                    "x": 0,
                    "y": 0
                  },
                  "centerPoint": {
                    "automatic": true,
                    "name": "centre",
                    "x": 0,
                    "y": 0
                  },
                  "customCollisionMask": []
                }
              ]
            }
          ]
        }
      ]
    },
    {
      "assetStoreId": "",
      "name": "trans",
      "tags": "",
      "type": "PrimitiveDrawing::Drawer",
      "variables": [],
      "effects": [],
      "behaviors": [
        {
          "name": "FlashTransitionPainter",
          "type": "FlashTransitionPainter::FlashTransitionPainter",
          "Timer": 1,
          "Color": "255;255;255",
          "Type": "",
          "Direction": "",
          "MaxOpacity": 255
        }
      ],
      "fillOpacity": 255,
      "outlineSize": 1,
      "outlineOpacity": 255,
      "fillColor": {
        "b": 255,
        "g": 255,
        "r": 255
      },
      "outlineColor": {
        "b": 0,
        "g": 0,
        "r": 0
      },
      "absoluteCoordinates": false,
      "clearBetweenFrames": true
    }
  ],
  "events": [
    {
      "type": "BuiltinCommonInstructions::Standard",
      "conditions": [
        {
          "type": {
            "value": "KeyPressed"
          },
          "parameters": [
            "",
            "Numpad8"
          ]
        }
      ],
      "actions": [
        {
          "type": {
            "value": "MettreY"
          },
          "parameters": [
            "credits",
            "+",
            "20"
          ]
        }
      ]
    },
    {
      "type": "BuiltinCommonInstructions::Standard",
      "conditions": [
        {
          "type": {
            "value": "KeyPressed"
          },
          "parameters": [
            "",
            "Numpad2"
          ]
        }
      ],
      "actions": [
        {
          "type": {
            "value": "MettreY"
          },
          "parameters": [
            "credits",
            "-",
            "20"
          ]
        }
      ]
    },
    {
      "type": "BuiltinCommonInstructions::Standard",
      "conditions": [
        {
          "type": {
            "value": "KeyReleased"
          },
          "parameters": [
            "",
            "Numpad7"
          ]
        }
      ],
      "actions": [
        {
          "type": {
            "value": "FlashTransitionPainter::FlashTransitionPainter::PaintEffect"
          },
          "parameters": [
            "trans",
            "FlashTransitionPainter",
            "\"65;117;5\"",
            "1",
            "\"Circular\"",
            "\"Forward\"",
            "",
            ""
          ]
        },
        {
          "type": {
            "value": "Wait"
          },
          "parameters": [
            "1"
          ]
        },
        {
          "type": {
            "value": "Scene"
          },
          "parameters": [
            "",
            "\"menu\"",
            ""
          ]
        }
      ]
    },
    {
      "type": "BuiltinCommonInstructions::Standard",
      "conditions": [
        {
          "type": {
            "value": "SourisSurObjet"
          },
          "parameters": [
            "title",
            "",
            "",
            ""
          ]
        },
        {
          "type": {
            "value": "MouseButtonPressed"
          },
          "parameters": [
            "",
            "Left"
          ]
        }
      ],
      "actions": [
        {
          "type": {
            "value": "FlashTransitionPainter::FlashTransitionPainter::PaintEffect"
          },
          "parameters": [
            "trans",
            "FlashTransitionPainter",
            "\"65;117;5\"",
            "1",
            "\"Circular\"",
            "\"Forward\"",
            "",
            ""
          ]
        },
        {
          "type": {
            "value": "Wait"
          },
          "parameters": [
            "1"
          ]
        },
        {
          "type": {
            "value": "Scene"
          },
          "parameters": [
            "",
            "\"menu\"",
            ""
          ]
        }
      ]
    },
    {
      "type": "BuiltinCommonInstructions::Standard",
      "conditions": [
        {
          "type": {
            "inverted": true,
            "value": "IsOnScreen::InOnScreen::IsOnScreen"
          },
          "parameters": [
            "credits",
            "InOnScreen",
            "0",
            ""
          ]
        }
      ],
      "actions": [
        {
          "type": {
            "value": "AddForceVersPos"
          },
          "parameters": [
            "credits",
            "12",
            "64",
            "1000",
            "1"
          ]
        }
      ]
    },
    {
      "type": "BuiltinCommonInstructions::Standard",
      "conditions": [
        {
          "type": {
            "value": "PosX"
          },
          "parameters": [
            "credits",
            "=",
            "12"
          ]
        },
        {
          "type": {
            "value": "PosY"
          },
          "parameters": [
            "credits",
            "=",
            "64"
          ]
        }
      ],
      "actions": [
        {
          "type": {
            "value": "Arreter"
          },
          "parameters": [
            "credits"
          ]
        }
      ]
    },
    {
      "type": "BuiltinCommonInstructions::Standard",
      "conditions": [
        {
          "type": {
            "value": "SourisSurObjet"
          },
          "parameters": [
            "up",
            "",
            "",
            ""
          ]
        },
        {
          "type": {
            "value": "MouseButtonPressed"
          },
          "parameters": [
            "",
            "Left"
          ]
        }
      ],
      "actions": [
        {
          "type": {
            "value": "MettreY"
          },
          "parameters": [
            "credits",
            "+",
            "20"
          ]
        }
      ]
    },
    {
      "type": "BuiltinCommonInstructions::Standard",
      "conditions": [
        {
          "type": {
            "value": "SourisSurObjet"
          },
          "parameters": [
            "down",
            "",
            "",
            ""
          ]
        },
        {
          "type": {
            "value": "MouseButtonPressed"
          },
          "parameters": [
            "",
            "Left"
          ]
        }
      ],
      "actions": [
        {
          "type": {
            "value": "MettreY"
          },
          "parameters": [
            "credits",
            "-",
            "20"
          ]
        }
      ]
    },
    {
      "type": "BuiltinCommonInstructions::Standard",
      "conditions": [
        {
          "type": {
            "value": "VarGlobal"
          },
          "parameters": [
            "inputmethod",
            "=",
            "1"
          ]
        }
      ],
      "actions": [
        {
          "type": {
            "value": "Cache"
          },
          "parameters": [
            "inst"
          ]
        }
      ]
    }
  ],
  "layers": [
    {
      "ambientLightColorB": 0,
      "ambientLightColorG": 0,
      "ambientLightColorR": 0,
      "followBaseLayerCamera": false,
      "isLightingLayer": false,
      "name": "",
      "visibility": true,
      "cameras": [
        {
          "defaultSize": true,
          "defaultViewport": true,
          "height": 0,
          "viewportBottom": 1,
          "viewportLeft": 0,
          "viewportRight": 1,
          "viewportTop": 0,
          "width": 0
        }
      ],
      "effects": []
    },
    {
      "ambientLightColorB": 10526032,
      "ambientLightColorG": 6054000,
      "ambientLightColorR": 15037136,
      "followBaseLayerCamera": false,
      "isLightingLayer": false,
      "name": "scroll",
      "visibility": false,
      "cameras": [],
      "effects": []
    },
    {
      "ambientLightColorB": 14908848,
      "ambientLightColorG": 6054000,
      "ambientLightColorR": 14292208,
      "followBaseLayerCamera": false,
      "isLightingLayer": false,
      "name": "top",
      "visibility": true,
      "cameras": [],
      "effects": []
    }
  ],
  "behaviorsSharedData": [
    {
      "name": "FlashTransitionPainter",
      "type": "FlashTransitionPainter::FlashTransitionPainter"
    },
    {
      "name": "InOnScreen",
      "type": "IsOnScreen::InOnScreen"
    }
  ]
}