{
  "b": 33,
  "disableInputWhenNotFocused": true,
  "mangledName": "links",
  "name": "links",
  "r": 126,
  "standardSortMethod": true,
  "stopSoundsOnStartup": true,
  "title": "",
  "v": 211,
  "uiSettings": {
    "grid": false,
    "gridType": "rectangular",
    "gridWidth": 32,
    "gridHeight": 32,
    "gridOffsetX": 0,
    "gridOffsetY": 0,
    "gridColor": 10401023,
    "gridAlpha": 0.8,
    "snap": false,
    "zoomFactor": 1,
    "windowMask": false
  },
  "objectsGroups": [],
  "variables": [],
  "instances": [
    {
      "angle": 0,
      "customSize": true,
      "height": 287,
      "layer": "",
      "name": "links",
      "persistentUuid": "13185615-9342-492d-a798-3df399eaef5a",
      "width": 230,
      "x": 4,
      "y": 31,
      "zOrder": 1,
      "numberProperties": [],
      "stringProperties": [],
      "initialVariables": []
    },
    {
      "angle": 0,
      "customSize": false,
      "height": 0,
      "layer": "",
      "name": "title",
      "persistentUuid": "c7bd0574-12c1-47ff-93f6-ddd9424337bb",
      "width": 0,
      "x": 8,
      "y": 3,
      "zOrder": 2,
      "numberProperties": [],
      "stringProperties": [],
      "initialVariables": []
    },
    {
      "angle": 0,
      "customSize": false,
      "height": 0,
      "layer": "",
      "name": "exit",
      "persistentUuid": "1b6844a9-bea9-4d5c-8f5a-b0a01d10733e",
      "width": 0,
      "x": 127,
      "y": 10,
      "zOrder": 3,
      "numberProperties": [],
      "stringProperties": [],
      "initialVariables": []
    },
    {
      "angle": 0,
      "customSize": false,
      "height": 0,
      "layer": "",
      "name": "trans",
      "persistentUuid": "6077e5a7-2cac-4c94-baa5-fa80206013c5",
      "width": 0,
      "x": 106,
      "y": 143,
      "zOrder": 4,
      "numberProperties": [],
      "stringProperties": [],
      "initialVariables": []
    }
  ],
  "objects": [
    {
      "assetStoreId": "",
      "bold": false,
      "italic": false,
      "name": "links",
      "smoothed": true,
      "tags": "",
      "type": "TextObject::Text",
      "underlined": false,
      "variables": [],
      "effects": [],
      "behaviors": [],
      "string": "itch.io: \nhttps://itsicecreeperpe.itch.io/pinlin-knight\nGameJolt: \nhttps://gamejolt.com/games/pinlin-knight/768833\nGitHub: \nhttps://github.com/Official-IceCreeperPE/pinlin-knight\nliluo.io\nhttps://liluo.io/ItsIceCreeperPE/pinlin-knight\nYouTube: \nhttps://youtube.com/@itsicecreeperpedev",
      "font": "assets\\fonts\\minecraft.ttf",
      "characterSize": 16,
      "color": {
        "b": 5,
        "g": 117,
        "r": 65
      }
    },
    {
      "assetStoreId": "",
      "bold": false,
      "italic": false,
      "name": "title",
      "smoothed": true,
      "tags": "",
      "type": "TextObject::Text",
      "underlined": false,
      "variables": [],
      "effects": [],
      "behaviors": [],
      "string": "Links",
      "font": "assets\\fonts\\arcadepix.ttf",
      "characterSize": 30,
      "color": {
        "b": 5,
        "g": 117,
        "r": 65
      }
    },
    {
      "assetStoreId": "",
      "bold": false,
      "italic": false,
      "name": "exit",
      "smoothed": true,
      "tags": "",
      "type": "TextObject::Text",
      "underlined": false,
      "variables": [],
      "effects": [],
      "behaviors": [],
      "string": "Press 7 to Exit",
      "font": "assets\\fonts\\minecraft.ttf",
      "characterSize": 15,
      "color": {
        "b": 5,
        "g": 117,
        "r": 65
      }
    },
    {
      "assetStoreId": "",
      "name": "trans",
      "tags": "",
      "type": "PrimitiveDrawing::Drawer",
      "variables": [],
      "effects": [],
      "behaviors": [
        {
          "name": "FlashTransitionPainter",
          "type": "FlashTransitionPainter::FlashTransitionPainter",
          "Timer": 1,
          "Color": "255;255;255",
          "Type": "",
          "Direction": "",
          "MaxOpacity": 255
        }
      ],
      "fillOpacity": 255,
      "outlineSize": 1,
      "outlineOpacity": 255,
      "fillColor": {
        "b": 255,
        "g": 255,
        "r": 255
      },
      "outlineColor": {
        "b": 0,
        "g": 0,
        "r": 0
      },
      "absoluteCoordinates": false,
      "clearBetweenFrames": true
    }
  ],
  "events": [
    {
      "type": "BuiltinCommonInstructions::Standard",
      "conditions": [
        {
          "type": {
            "value": "KeyReleased"
          },
          "parameters": [
            "",
            "Numpad7"
          ]
        }
      ],
      "actions": [
        {
          "type": {
            "value": "FlashTransitionPainter::FlashTransitionPainter::PaintEffect"
          },
          "parameters": [
            "trans",
            "FlashTransitionPainter",
            "\"65;117;5\"",
            "1",
            "\"Circular\"",
            "\"Forward\"",
            "",
            ""
          ]
        },
        {
          "type": {
            "value": "Wait"
          },
          "parameters": [
            "1"
          ]
        },
        {
          "type": {
            "value": "Scene"
          },
          "parameters": [
            "",
            "\"menu\"",
            ""
          ]
        }
      ]
    },
    {
      "type": "BuiltinCommonInstructions::Standard",
      "conditions": [
        {
          "type": {
            "value": "SourisSurObjet"
          },
          "parameters": [
            "title",
            "",
            "",
            ""
          ]
        },
        {
          "type": {
            "value": "MouseButtonReleased"
          },
          "parameters": [
            "",
            "Left"
          ]
        }
      ],
      "actions": [
        {
          "type": {
            "value": "FlashTransitionPainter::FlashTransitionPainter::PaintEffect"
          },
          "parameters": [
            "trans",
            "FlashTransitionPainter",
            "\"65;117;5\"",
            "1",
            "\"Circular\"",
            "\"Forward\"",
            "",
            ""
          ]
        },
        {
          "type": {
            "value": "Wait"
          },
          "parameters": [
            "1"
          ]
        },
        {
          "type": {
            "value": "Scene"
          },
          "parameters": [
            "",
            "\"menu\"",
            ""
          ]
        }
      ]
    },
    {
      "type": "BuiltinCommonInstructions::Standard",
      "conditions": [
        {
          "type": {
            "value": "VarGlobal"
          },
          "parameters": [
            "inputmethod",
            "=",
            "1"
          ]
        }
      ],
      "actions": [
        {
          "type": {
            "value": "Cache"
          },
          "parameters": [
            "exit"
          ]
        }
      ]
    }
  ],
  "layers": [
    {
      "ambientLightColorB": 0,
      "ambientLightColorG": 0,
      "ambientLightColorR": 0,
      "followBaseLayerCamera": false,
      "isLightingLayer": false,
      "name": "",
      "visibility": true,
      "cameras": [
        {
          "defaultSize": true,
          "defaultViewport": true,
          "height": 0,
          "viewportBottom": 1,
          "viewportLeft": 0,
          "viewportRight": 1,
          "viewportTop": 0,
          "width": 0
        }
      ],
      "effects": []
    }
  ],
  "behaviorsSharedData": []
}