{
  "b": 33,
  "disableInputWhenNotFocused": true,
  "mangledName": "menu",
  "name": "menu",
  "r": 126,
  "standardSortMethod": true,
  "stopSoundsOnStartup": true,
  "title": "",
  "v": 211,
  "uiSettings": {
    "grid": false,
    "gridType": "rectangular",
    "gridWidth": 32,
    "gridHeight": 32,
    "gridOffsetX": 0,
    "gridOffsetY": 0,
    "gridColor": 10401023,
    "gridAlpha": 0.8,
    "snap": false,
    "zoomFactor": 2.200000000000001,
    "windowMask": false
  },
  "objectsGroups": [],
  "variables": [],
  "instances": [
    {
      "angle": 0,
      "customSize": true,
      "height": 378,
      "layer": "useles",
      "name": "gren",
      "persistentUuid": "86d060ec-5988-4847-9ac6-0b15d03b0d3c",
      "width": 254,
      "x": -122,
      "y": -28,
      "zOrder": 1,
      "numberProperties": [],
      "stringProperties": [],
      "initialVariables": []
    },
    {
      "angle": 0,
      "customSize": true,
      "height": 385,
      "layer": "useles",
      "name": "gren2",
      "persistentUuid": "de4c0f16-19ef-4d14-8a96-0bf894631a32",
      "width": 249,
      "x": 127,
      "y": -31,
      "zOrder": 2,
      "numberProperties": [],
      "stringProperties": [],
      "initialVariables": []
    },
    {
      "angle": 0,
      "customSize": false,
      "height": 0,
      "layer": "",
      "name": "title",
      "persistentUuid": "b130d162-a529-4775-a71c-bc93580470f2",
      "width": 0,
      "x": 14,
      "y": 58,
      "zOrder": 3,
      "numberProperties": [],
      "stringProperties": [],
      "initialVariables": []
    },
    {
      "angle": 0,
      "customSize": false,
      "height": 0,
      "layer": "",
      "name": "start",
      "persistentUuid": "8fd9ac9e-86c6-4883-a1e9-1461b2735033",
      "width": 0,
      "x": 31,
      "y": 143,
      "zOrder": 4,
      "numberProperties": [],
      "stringProperties": [],
      "initialVariables": []
    },
    {
      "angle": 0,
      "customSize": false,
      "height": 0,
      "layer": "",
      "name": "pressfive",
      "persistentUuid": "9fc1dc46-bb06-4c55-9cf2-9711c134474e",
      "width": 0,
      "x": 71,
      "y": 125,
      "zOrder": 5,
      "numberProperties": [],
      "stringProperties": [],
      "initialVariables": []
    },
    {
      "angle": 0,
      "customSize": false,
      "height": 0,
      "layer": "",
      "name": "credits",
      "persistentUuid": "a42996ae-f928-4f23-b986-0d4d2dbbe950",
      "width": 0,
      "x": 170,
      "y": 297,
      "zOrder": 6,
      "numberProperties": [],
      "stringProperties": [],
      "initialVariables": []
    },
    {
      "angle": 0,
      "customSize": false,
      "height": 0,
      "layer": "",
      "name": "pressthree",
      "persistentUuid": "c813879e-d435-4646-b084-2854e503e55e",
      "width": 0,
      "x": 171,
      "y": 289,
      "zOrder": 7,
      "numberProperties": [],
      "stringProperties": [],
      "initialVariables": []
    },
    {
      "angle": 0,
      "customSize": false,
      "height": 0,
      "layer": "",
      "name": "creator",
      "persistentUuid": "8dfecf39-9464-4fcb-b780-d4c4e6982566",
      "width": 0,
      "x": 8,
      "y": 300,
      "zOrder": 8,
      "numberProperties": [],
      "stringProperties": [],
      "initialVariables": []
    },
    {
      "angle": 0,
      "customSize": false,
      "height": 0,
      "layer": "",
      "name": "links",
      "persistentUuid": "86157d9a-f797-48af-aa1a-2ee7404842ae",
      "width": 0,
      "x": 84,
      "y": 213,
      "zOrder": 9,
      "numberProperties": [],
      "stringProperties": [],
      "initialVariables": []
    },
    {
      "angle": 0,
      "customSize": false,
      "height": 0,
      "layer": "",
      "name": "presssix",
      "persistentUuid": "eb80e04d-eb8a-47d8-ade0-06ff61b4b84c",
      "width": 0,
      "x": 75,
      "y": 196,
      "zOrder": 10,
      "numberProperties": [],
      "stringProperties": [],
      "initialVariables": []
    },
    {
      "angle": 0,
      "customSize": false,
      "height": 0,
      "layer": "",
      "name": "jam",
      "persistentUuid": "50d4d070-d2c7-46d1-9465-e361120db880",
      "width": 0,
      "x": 51,
      "y": 84,
      "zOrder": 11,
      "numberProperties": [],
      "stringProperties": [],
      "initialVariables": []
    },
    {
      "angle": 0,
      "customSize": false,
      "height": 0,
      "layer": "thanks",
      "name": "thanks",
      "persistentUuid": "ed6dadfb-05a5-4ae0-89f8-9b567fdc77a1",
      "width": 0,
      "x": 11,
      "y": 148,
      "zOrder": 12,
      "numberProperties": [],
      "stringProperties": [],
      "initialVariables": []
    },
    {
      "angle": 0,
      "customSize": false,
      "height": 0,
      "layer": "thanks",
      "name": "gjver",
      "persistentUuid": "c8726227-3278-4a78-8397-9623edada3cf",
      "width": 0,
      "x": 51,
      "y": 175,
      "zOrder": 13,
      "numberProperties": [],
      "stringProperties": [],
      "initialVariables": []
    }
  ],
  "objects": [
    {
      "assetStoreId": "",
      "name": "gren",
      "tags": "",
      "type": "Sprite",
      "updateIfNotVisible": false,
      "variables": [],
      "effects": [],
      "behaviors": [
        {
          "name": "Tween",
          "type": "Tween::TweenBehavior"
        }
      ],
      "animations": [
        {
          "name": "gren",
          "useMultipleDirections": false,
          "directions": [
            {
              "looping": false,
              "timeBetweenFrames": 0.07999999821186066,
              "sprites": [
                {
                  "hasCustomCollisionMask": false,
                  "image": "assets\\placeholders\\gren-1.png",
                  "points": [],
                  "originPoint": {
                    "name": "origine",
                    "x": 0,
                    "y": 0
                  },
                  "centerPoint": {
                    "automatic": true,
                    "name": "centre",
                    "x": 0,
                    "y": 0
                  },
                  "customCollisionMask": []
                }
              ]
            }
          ]
        }
      ]
    },
    {
      "assetStoreId": "",
      "name": "gren2",
      "tags": "",
      "type": "Sprite",
      "updateIfNotVisible": false,
      "variables": [],
      "effects": [],
      "behaviors": [
        {
          "name": "Tween",
          "type": "Tween::TweenBehavior"
        }
      ],
      "animations": [
        {
          "name": "gren",
          "useMultipleDirections": false,
          "directions": [
            {
              "looping": false,
              "timeBetweenFrames": 0.07999999821186066,
              "sprites": [
                {
                  "hasCustomCollisionMask": false,
                  "image": "assets\\placeholders\\gren-1.png",
                  "points": [],
                  "originPoint": {
                    "name": "origine",
                    "x": 0,
                    "y": 0
                  },
                  "centerPoint": {
                    "automatic": true,
                    "name": "centre",
                    "x": 0,
                    "y": 0
                  },
                  "customCollisionMask": []
                }
              ]
            }
          ]
        }
      ]
    },
    {
      "assetStoreId": "",
      "bold": false,
      "italic": false,
      "name": "title",
      "smoothed": true,
      "tags": "",
      "type": "TextObject::Text",
      "underlined": false,
      "variables": [],
      "effects": [],
      "behaviors": [],
      "string": "PinLin Knight",
      "font": "assets\\fonts\\karmaticarcade.ttf",
      "characterSize": 23,
      "color": {
        "b": 5,
        "g": 117,
        "r": 65
      }
    },
    {
      "assetStoreId": "",
      "bold": false,
      "italic": false,
      "name": "start",
      "smoothed": true,
      "tags": "",
      "type": "TextObject::Text",
      "underlined": false,
      "variables": [],
      "effects": [],
      "behaviors": [],
      "string": "Start Game",
      "font": "assets\\fonts\\videotype.ttf",
      "characterSize": 30,
      "color": {
        "b": 5,
        "g": 117,
        "r": 65
      }
    },
    {
      "assetStoreId": "",
      "bold": false,
      "italic": false,
      "name": "pressfive",
      "smoothed": true,
      "tags": "",
      "type": "TextObject::Text",
      "underlined": false,
      "variables": [],
      "effects": [],
      "behaviors": [],
      "string": "Press 5 to",
      "font": "assets\\fonts\\minecraft.ttf",
      "characterSize": 20,
      "color": {
        "b": 5,
        "g": 117,
        "r": 65
      }
    },
    {
      "assetStoreId": "",
      "bold": false,
      "italic": false,
      "name": "credits",
      "smoothed": true,
      "tags": "",
      "type": "TextObject::Text",
      "underlined": false,
      "variables": [],
      "effects": [],
      "behaviors": [],
      "string": "Credits",
      "font": "assets\\fonts\\arcadepix.ttf",
      "characterSize": 20,
      "color": {
        "b": 5,
        "g": 117,
        "r": 65
      }
    },
    {
      "assetStoreId": "",
      "bold": false,
      "italic": false,
      "name": "pressthree",
      "smoothed": true,
      "tags": "",
      "type": "TextObject::Text",
      "underlined": false,
      "variables": [],
      "effects": [],
      "behaviors": [],
      "string": "Press 3 for",
      "font": "assets\\fonts\\minecraft.ttf",
      "characterSize": 10,
      "color": {
        "b": 5,
        "g": 117,
        "r": 65
      }
    },
    {
      "assetStoreId": "",
      "bold": false,
      "italic": false,
      "name": "creator",
      "smoothed": true,
      "tags": "",
      "type": "TextObject::Text",
      "underlined": false,
      "variables": [],
      "effects": [],
      "behaviors": [],
      "string": "@ItsIceCreeperPE 2022",
      "font": "assets\\fonts\\minecraft.ttf",
      "characterSize": 12,
      "color": {
        "b": 5,
        "g": 117,
        "r": 65
      }
    },
    {
      "assetStoreId": "",
      "bold": false,
      "italic": false,
      "name": "links",
      "smoothed": true,
      "tags": "",
      "type": "TextObject::Text",
      "underlined": false,
      "variables": [],
      "effects": [],
      "behaviors": [],
      "string": "Links",
      "font": "assets\\fonts\\videotype.ttf",
      "characterSize": 30,
      "color": {
        "b": 5,
        "g": 117,
        "r": 65
      }
    },
    {
      "assetStoreId": "",
      "bold": false,
      "italic": false,
      "name": "presssix",
      "smoothed": true,
      "tags": "",
      "type": "TextObject::Text",
      "underlined": false,
      "variables": [],
      "effects": [],
      "behaviors": [],
      "string": "Press 6 to",
      "font": "assets\\fonts\\minecraft.ttf",
      "characterSize": 20,
      "color": {
        "b": 5,
        "g": 117,
        "r": 65
      }
    },
    {
      "assetStoreId": "",
      "bold": false,
      "italic": false,
      "name": "jam",
      "smoothed": true,
      "tags": "",
      "type": "TextObject::Text",
      "underlined": false,
      "variables": [],
      "effects": [],
      "behaviors": [],
      "string": "(Jam Version)",
      "font": "assets\\fonts\\minecraft.ttf",
      "characterSize": 20,
      "color": {
        "b": 5,
        "g": 117,
        "r": 65
      }
    },
    {
      "assetStoreId": "",
      "bold": false,
      "italic": false,
      "name": "thanks",
      "smoothed": true,
      "tags": "",
      "type": "TextObject::Text",
      "underlined": false,
      "variables": [],
      "effects": [],
      "behaviors": [],
      "string": "Thanks 4 Playing",
      "font": "assets\\fonts\\arcadepix.ttf",
      "characterSize": 33,
      "color": {
        "b": 5,
        "g": 117,
        "r": 65
      }
    },
    {
      "assetStoreId": "",
      "bold": false,
      "italic": false,
      "name": "gjver",
      "smoothed": true,
      "tags": "",
      "type": "TextObject::Text",
      "underlined": false,
      "variables": [],
      "effects": [],
      "behaviors": [],
      "string": "Game Jam Version",
      "font": "assets\\fonts\\arcadepix.ttf",
      "characterSize": 20,
      "color": {
        "b": 5,
        "g": 117,
        "r": 65
      }
    }
  ],
  "events": [
    {
      "type": "BuiltinCommonInstructions::Standard",
      "conditions": [
        {
          "type": {
            "value": "DepartScene"
          },
          "parameters": [
            ""
          ]
        }
      ],
      "actions": [
        {
          "type": {
            "value": "ShowLayer"
          },
          "parameters": [
            "",
            "\"useles\""
          ]
        },
        {
          "type": {
            "value": "HideLayer"
          },
          "parameters": [
            "",
            "\"thanks\""
          ]
        },
        {
          "type": {
            "value": "Wait"
          },
          "parameters": [
            "1"
          ]
        },
        {
          "type": {
            "value": "Tween::AddObjectPositionXTween"
          },
          "parameters": [
            "gren",
            "Tween",
            "\"left\"",
            "-268",
            "\"easeInCirc\"",
            "500",
            ""
          ]
        },
        {
          "type": {
            "value": "Tween::AddObjectPositionXTween"
          },
          "parameters": [
            "gren2",
            "Tween",
            "\"right\"",
            "245",
            "\"easeInCirc\"",
            "500",
            ""
          ]
        }
      ]
    },
    {
      "type": "BuiltinCommonInstructions::Standard",
      "conditions": [
        {
          "type": {
            "value": "KeyReleased"
          },
          "parameters": [
            "",
            "Numpad5"
          ]
        }
      ],
      "actions": [
        {
          "type": {
            "value": "Scene"
          },
          "parameters": [
            "",
            "\"story\"",
            ""
          ]
        }
      ]
    },
    {
      "type": "BuiltinCommonInstructions::Standard",
      "conditions": [
        {
          "type": {
            "value": "SourisSurObjet"
          },
          "parameters": [
            "start",
            "",
            "",
            ""
          ]
        },
        {
          "type": {
            "value": "MouseButtonReleased"
          },
          "parameters": [
            "",
            "Left"
          ]
        }
      ],
      "actions": [
        {
          "type": {
            "value": "Scene"
          },
          "parameters": [
            "",
            "\"story\"",
            ""
          ]
        }
      ]
    },
    {
      "type": "BuiltinCommonInstructions::Standard",
      "conditions": [
        {
          "type": {
            "value": "KeyReleased"
          },
          "parameters": [
            "",
            "Numpad6"
          ]
        }
      ],
      "actions": [
        {
          "type": {
            "value": "Scene"
          },
          "parameters": [
            "",
            "\"links\"",
            ""
          ]
        }
      ]
    },
    {
      "type": "BuiltinCommonInstructions::Standard",
      "conditions": [
        {
          "type": {
            "value": "SourisSurObjet"
          },
          "parameters": [
            "links",
            "",
            "",
            ""
          ]
        },
        {
          "type": {
            "value": "MouseButtonReleased"
          },
          "parameters": [
            "",
            "Left"
          ]
        }
      ],
      "actions": [
        {
          "type": {
            "value": "Scene"
          },
          "parameters": [
            "",
            "\"links\"",
            ""
          ]
        }
      ]
    },
    {
      "type": "BuiltinCommonInstructions::Standard",
      "conditions": [
        {
          "type": {
            "value": "KeyReleased"
          },
          "parameters": [
            "",
            "Numpad3"
          ]
        }
      ],
      "actions": [
        {
          "type": {
            "value": "Scene"
          },
          "parameters": [
            "",
            "\"credits\"",
            ""
          ]
        }
      ]
    },
    {
      "type": "BuiltinCommonInstructions::Standard",
      "conditions": [
        {
          "type": {
            "value": "SourisSurObjet"
          },
          "parameters": [
            "credits",
            "",
            "",
            ""
          ]
        },
        {
          "type": {
            "value": "MouseButtonReleased"
          },
          "parameters": [
            "",
            "Left"
          ]
        }
      ],
      "actions": [
        {
          "type": {
            "value": "Scene"
          },
          "parameters": [
            "",
            "\"credits\"",
            ""
          ]
        }
      ]
    },
    {
      "type": "BuiltinCommonInstructions::Standard",
      "conditions": [
        {
          "type": {
            "value": "VarGlobal"
          },
          "parameters": [
            "jam",
            "=",
            "1"
          ]
        },
        {
          "type": {
            "value": "BuiltinCommonInstructions::Once"
          },
          "parameters": []
        }
      ],
      "actions": [
        {
          "type": {
            "value": "HideLayer"
          },
          "parameters": [
            "",
            "\"\""
          ]
        },
        {
          "type": {
            "value": "ShowLayer"
          },
          "parameters": [
            "",
            "\"thanks\""
          ]
        },
        {
          "type": {
            "value": "Wait"
          },
          "parameters": [
            "2"
          ]
        },
        {
          "type": {
            "value": "HideLayer"
          },
          "parameters": [
            "",
            "\"thanks\""
          ]
        },
        {
          "type": {
            "value": "Wait"
          },
          "parameters": [
            "0.5"
          ]
        },
        {
          "type": {
            "value": "ShowLayer"
          },
          "parameters": [
            "",
            "\"thanks\""
          ]
        },
        {
          "type": {
            "value": "Wait"
          },
          "parameters": [
            "0.6"
          ]
        },
        {
          "type": {
            "value": "HideLayer"
          },
          "parameters": [
            "",
            "\"thanks\""
          ]
        },
        {
          "type": {
            "value": "Wait"
          },
          "parameters": [
            "0.5"
          ]
        },
        {
          "type": {
            "value": "ShowLayer"
          },
          "parameters": [
            "",
            "\"\""
          ]
        }
      ]
    },
    {
      "type": "BuiltinCommonInstructions::Standard",
      "conditions": [
        {
          "type": {
            "value": "VarGlobal"
          },
          "parameters": [
            "inputmethod",
            "=",
            "1"
          ]
        }
      ],
      "actions": [
        {
          "type": {
            "value": "Cache"
          },
          "parameters": [
            "pressfive"
          ]
        },
        {
          "type": {
            "value": "Cache"
          },
          "parameters": [
            "pressthree"
          ]
        },
        {
          "type": {
            "value": "Cache"
          },
          "parameters": [
            "presssix"
          ]
        }
      ]
    }
  ],
  "layers": [
    {
      "ambientLightColorB": 16777215,
      "ambientLightColorG": 0,
      "ambientLightColorR": 0,
      "followBaseLayerCamera": false,
      "isLightingLayer": false,
      "name": "",
      "visibility": true,
      "cameras": [
        {
          "defaultSize": true,
          "defaultViewport": true,
          "height": 0,
          "viewportBottom": 1,
          "viewportLeft": 0,
          "viewportRight": 1,
          "viewportTop": 0,
          "width": 0
        }
      ],
      "effects": []
    },
    {
      "ambientLightColorB": 14403912,
      "ambientLightColorG": 6054000,
      "ambientLightColorR": 13915144,
      "followBaseLayerCamera": false,
      "isLightingLayer": false,
      "name": "thanks",
      "visibility": false,
      "cameras": [],
      "effects": []
    },
    {
      "ambientLightColorB": 15832168,
      "ambientLightColorG": 6054000,
      "ambientLightColorR": 15823072,
      "followBaseLayerCamera": false,
      "isLightingLayer": false,
      "name": "useles",
      "visibility": false,
      "cameras": [],
      "effects": []
    }
  ],
  "behaviorsSharedData": [
    {
      "name": "Tween",
      "type": "Tween::TweenBehavior"
    }
  ]
}