{
  "b": 33,
  "disableInputWhenNotFocused": true,
  "mangledName": "story",
  "name": "story",
  "r": 126,
  "standardSortMethod": true,
  "stopSoundsOnStartup": true,
  "title": "",
  "v": 211,
  "uiSettings": {
    "grid": false,
    "gridType": "rectangular",
    "gridWidth": 32,
    "gridHeight": 32,
    "gridOffsetX": 0,
    "gridOffsetY": 0,
    "gridColor": 10401023,
    "gridAlpha": 0.8,
    "snap": false,
    "zoomFactor": 1,
    "windowMask": false
  },
  "objectsGroups": [],
  "variables": [],
  "instances": [
    {
      "angle": 0,
      "customSize": true,
      "height": 247,
      "layer": "",
      "name": "story",
      "persistentUuid": "c4faf017-4e74-4873-93c3-3a2ee8750105",
      "width": 171,
      "x": 23,
      "y": 46,
      "zOrder": 1,
      "numberProperties": [],
      "stringProperties": [],
      "initialVariables": []
    },
    {
      "angle": 0,
      "customSize": false,
      "height": 0,
      "layer": "",
      "name": "title",
      "persistentUuid": "1bf62cee-17b1-4934-8c70-e65d09ba86c7",
      "width": 0,
      "x": 16,
      "y": 5,
      "zOrder": 2,
      "numberProperties": [],
      "stringProperties": [],
      "initialVariables": []
    },
    {
      "angle": 0,
      "customSize": false,
      "height": 0,
      "layer": "",
      "name": "pressfive",
      "persistentUuid": "7b694264-fed5-43a0-bd6a-8bb0cdc5a4d5",
      "width": 0,
      "x": 14,
      "y": 289,
      "zOrder": 3,
      "numberProperties": [],
      "stringProperties": [],
      "initialVariables": []
    }
  ],
  "objects": [
    {
      "assetStoreId": "",
      "bold": false,
      "italic": false,
      "name": "story",
      "smoothed": true,
      "tags": "",
      "type": "TextObject::Text",
      "underlined": false,
      "variables": [],
      "effects": [],
      "behaviors": [],
      "string": "You are a knight in the PinLin Kingdom and you MUST complete ALL missions your King provides for you.",
      "font": "assets\\fonts\\arcadepix.ttf",
      "characterSize": 30,
      "color": {
        "b": 5,
        "g": 117,
        "r": 65
      }
    },
    {
      "assetStoreId": "",
      "bold": false,
      "italic": false,
      "name": "title",
      "smoothed": true,
      "tags": "",
      "type": "TextObject::Text",
      "underlined": false,
      "variables": [],
      "effects": [],
      "behaviors": [],
      "string": "Quick Story",
      "font": "assets\\fonts\\minecraft.ttf",
      "characterSize": 35,
      "color": {
        "b": 5,
        "g": 117,
        "r": 65
      }
    },
    {
      "assetStoreId": "",
      "bold": false,
      "italic": false,
      "name": "pressfive",
      "smoothed": true,
      "tags": "",
      "type": "TextObject::Text",
      "underlined": false,
      "variables": [],
      "effects": [],
      "behaviors": [],
      "string": "Press 5 to Start Mission 1",
      "font": "assets\\fonts\\arcadepix.ttf",
      "characterSize": 20,
      "color": {
        "b": 5,
        "g": 117,
        "r": 65
      }
    }
  ],
  "events": [
    {
      "type": "BuiltinCommonInstructions::Standard",
      "conditions": [
        {
          "type": {
            "value": "KeyReleased"
          },
          "parameters": [
            "",
            "Numpad5"
          ]
        }
      ],
      "actions": [
        {
          "type": {
            "value": "Scene"
          },
          "parameters": [
            "",
            "\"mis1\"",
            ""
          ]
        }
      ]
    },
    {
      "type": "BuiltinCommonInstructions::Standard",
      "conditions": [
        {
          "type": {
            "value": "MouseButtonReleased"
          },
          "parameters": [
            "",
            "Left"
          ]
        }
      ],
      "actions": [
        {
          "type": {
            "value": "Scene"
          },
          "parameters": [
            "",
            "\"mis1\"",
            ""
          ]
        }
      ]
    },
    {
      "type": "BuiltinCommonInstructions::Standard",
      "conditions": [
        {
          "type": {
            "value": "VarGlobal"
          },
          "parameters": [
            "inputmethod",
            "=",
            "1"
          ]
        }
      ],
      "actions": [
        {
          "type": {
            "value": "Cache"
          },
          "parameters": [
            "pressfive"
          ]
        }
      ]
    }
  ],
  "layers": [
    {
      "ambientLightColorB": 16777215,
      "ambientLightColorG": 0,
      "ambientLightColorR": 0,
      "followBaseLayerCamera": false,
      "isLightingLayer": false,
      "name": "",
      "visibility": true,
      "cameras": [
        {
          "defaultSize": true,
          "defaultViewport": true,
          "height": 0,
          "viewportBottom": 1,
          "viewportLeft": 0,
          "viewportRight": 1,
          "viewportTop": 0,
          "width": 0
        }
      ],
      "effects": []
    }
  ],
  "behaviorsSharedData": []
}