{
  "b": 255,
  "disableInputWhenNotFocused": true,
  "mangledName": "Untitled_32scene",
  "name": "Untitled scene",
  "r": 255,
  "standardSortMethod": true,
  "stopSoundsOnStartup": true,
  "title": "",
  "v": 255,
  "uiSettings": {
    "grid": false,
    "gridType": "rectangular",
    "gridWidth": 32,
    "gridHeight": 32,
    "gridOffsetX": 0,
    "gridOffsetY": 0,
    "gridColor": 10401023,
    "gridAlpha": 0.8,
    "snap": false,
    "zoomFactor": 1.1,
    "windowMask": false
  },
  "objectsGroups": [],
  "variables": [],
  "instances": [
    {
      "angle": 0,
      "customSize": true,
      "height": 385,
      "layer": "wfade",
      "name": "wfade",
      "persistentUuid": "e011b93b-23c7-4cf7-8c02-47e71edf810a",
      "width": 330,
      "x": -44,
      "y": -32,
      "zOrder": 1,
      "numberProperties": [],
      "stringProperties": [],
      "initialVariables": []
    },
    {
      "angle": 0,
      "customSize": false,
      "height": 0,
      "layer": "",
      "name": "title",
      "persistentUuid": "b4f41875-121f-4904-a87e-41924581150f",
      "width": 0,
      "x": 18,
      "y": 19,
      "zOrder": 3,
      "numberProperties": [],
      "stringProperties": [],
      "initialVariables": []
    },
    {
      "angle": 0,
      "customSize": false,
      "height": 0,
      "layer": "",
      "name": "num",
      "persistentUuid": "0ba12102-f88e-4eae-9428-b24f7af88901",
      "width": 0,
      "x": 77,
      "y": 130,
      "zOrder": 4,
      "numberProperties": [],
      "stringProperties": [],
      "initialVariables": []
    },
    {
      "angle": 0,
      "customSize": false,
      "height": 0,
      "layer": "",
      "name": "key",
      "persistentUuid": "e314d766-13bb-444b-a141-aa876e8cb97b",
      "width": 0,
      "x": 55,
      "y": 197,
      "zOrder": 5,
      "numberProperties": [],
      "stringProperties": [],
      "initialVariables": []
    },
    {
      "angle": 0,
      "customSize": true,
      "height": 23,
      "layer": "",
      "name": "desc",
      "persistentUuid": "c4eb9d77-9d46-4185-a3f5-6335fc5f6965",
      "width": 213,
      "x": 25,
      "y": 46,
      "zOrder": 6,
      "numberProperties": [],
      "stringProperties": [],
      "initialVariables": []
    },
    {
      "angle": 0,
      "customSize": false,
      "height": 0,
      "layer": "",
      "name": "creator",
      "persistentUuid": "f1821da5-e522-4b22-8381-a1bcfd7229ed",
      "width": 0,
      "x": 12,
      "y": 294,
      "zOrder": 7,
      "numberProperties": [],
      "stringProperties": [],
      "initialVariables": []
    },
    {
      "angle": 0,
      "customSize": false,
      "height": 0,
      "layer": "",
      "name": "numsp",
      "persistentUuid": "0de0ac75-0563-4ef9-8293-178e61a676ba",
      "width": 0,
      "x": 39,
      "y": 135,
      "zOrder": 8,
      "numberProperties": [],
      "stringProperties": [],
      "initialVariables": []
    },
    {
      "angle": 0,
      "customSize": false,
      "height": 0,
      "layer": "",
      "name": "keysp",
      "persistentUuid": "9c1fb6de-fe70-4c2f-b474-d49c793ed159",
      "width": 0,
      "x": 19,
      "y": 197,
      "zOrder": 9,
      "numberProperties": [],
      "stringProperties": [],
      "initialVariables": []
    },
    {
      "angle": 0,
      "customSize": false,
      "height": 0,
      "layer": "",
      "name": "start",
      "persistentUuid": "711bba52-5df8-4208-a644-cd825778a446",
      "width": 0,
      "x": 58,
      "y": 244,
      "zOrder": 10,
      "numberProperties": [],
      "stringProperties": [],
      "initialVariables": []
    },
    {
      "angle": 0,
      "customSize": true,
      "height": 377,
      "layer": "bfade",
      "name": "bfade",
      "persistentUuid": "37409e97-5231-4d17-a91f-348eac8d3f0d",
      "width": 305,
      "x": -29,
      "y": -25,
      "zOrder": 11,
      "numberProperties": [],
      "stringProperties": [],
      "initialVariables": []
    },
    {
      "angle": 0,
      "customSize": false,
      "height": 0,
      "layer": "trans",
      "name": "trans",
      "persistentUuid": "6669404b-f5d9-4008-99e1-465b7dc8ebf5",
      "width": 0,
      "x": 106,
      "y": 143,
      "zOrder": 12,
      "numberProperties": [],
      "stringProperties": [],
      "initialVariables": []
    }
  ],
  "objects": [
    {
      "assetStoreId": "",
      "name": "wfade",
      "tags": "",
      "type": "Sprite",
      "updateIfNotVisible": false,
      "variables": [],
      "effects": [],
      "behaviors": [
        {
          "name": "Tween",
          "type": "Tween::TweenBehavior"
        }
      ],
      "animations": [
        {
          "name": "",
          "useMultipleDirections": false,
          "directions": [
            {
              "looping": false,
              "timeBetweenFrames": 0.08,
              "sprites": [
                {
                  "hasCustomCollisionMask": false,
                  "image": "assets\\placeholders\\white.png",
                  "points": [],
                  "originPoint": {
                    "name": "origine",
                    "x": 0,
                    "y": 0
                  },
                  "centerPoint": {
                    "automatic": true,
                    "name": "centre",
                    "x": 0,
                    "y": 0
                  },
                  "customCollisionMask": []
                }
              ]
            }
          ]
        }
      ]
    },
    {
      "assetStoreId": "",
      "name": "bfade",
      "tags": "",
      "type": "Sprite",
      "updateIfNotVisible": false,
      "variables": [],
      "effects": [],
      "behaviors": [
        {
          "name": "Tween",
          "type": "Tween::TweenBehavior"
        }
      ],
      "animations": [
        {
          "name": "",
          "useMultipleDirections": false,
          "directions": [
            {
              "looping": false,
              "timeBetweenFrames": 0.08,
              "sprites": [
                {
                  "hasCustomCollisionMask": false,
                  "image": "assets\\placeholders\\black.png",
                  "points": [],
                  "originPoint": {
                    "name": "origine",
                    "x": 0,
                    "y": 0
                  },
                  "centerPoint": {
                    "automatic": true,
                    "name": "centre",
                    "x": 0,
                    "y": 0
                  },
                  "customCollisionMask": []
                }
              ]
            }
          ]
        }
      ]
    },
    {
      "assetStoreId": "",
      "bold": true,
      "italic": false,
      "name": "title",
      "smoothed": true,
      "tags": "",
      "type": "TextObject::Text",
      "underlined": false,
      "variables": [],
      "effects": [],
      "behaviors": [],
      "string": "GDevelop Controls",
      "font": "",
      "characterSize": 20,
      "color": {
        "b": 0,
        "g": 0,
        "r": 0
      }
    },
    {
      "assetStoreId": "",
      "bold": false,
      "italic": false,
      "name": "num",
      "smoothed": true,
      "tags": "",
      "type": "TextObject::Text",
      "underlined": false,
      "variables": [],
      "effects": [],
      "behaviors": [],
      "string": "Numbers",
      "font": "",
      "characterSize": 30,
      "color": {
        "b": 0,
        "g": 0,
        "r": 0
      }
    },
    {
      "assetStoreId": "",
      "bold": false,
      "italic": false,
      "name": "key",
      "smoothed": true,
      "tags": "",
      "type": "TextObject::Text",
      "underlined": false,
      "variables": [],
      "effects": [],
      "behaviors": [],
      "string": "WASD/Arrow Keys",
      "font": "",
      "characterSize": 20,
      "color": {
        "b": 0,
        "g": 0,
        "r": 0
      }
    },
    {
      "assetStoreId": "",
      "bold": false,
      "italic": false,
      "name": "desc",
      "smoothed": true,
      "tags": "",
      "type": "TextObject::Text",
      "underlined": false,
      "variables": [],
      "effects": [],
      "behaviors": [],
      "string": "Which keys do you wanna use?",
      "font": "",
      "characterSize": 20,
      "color": {
        "b": 0,
        "g": 0,
        "r": 0
      }
    },
    {
      "assetStoreId": "",
      "bold": true,
      "italic": true,
      "name": "creator",
      "smoothed": true,
      "tags": "",
      "type": "TextObject::Text",
      "underlined": false,
      "variables": [],
      "effects": [],
      "behaviors": [],
      "string": "By ItsIceCreeperPE",
      "font": "",
      "characterSize": 15,
      "color": {
        "b": 0,
        "g": 0,
        "r": 0
      }
    },
    {
      "assetStoreId": "",
      "name": "numsp",
      "tags": "",
      "type": "PrimitiveDrawing::Drawer",
      "variables": [],
      "effects": [],
      "behaviors": [
        {
          "name": "Checkbox",
          "type": "Checkbox::Checkbox",
          "Checked": false,
          "HaloRadiusHover": 0,
          "HaloOpacityHover": 64,
          "HaloOpacityClick": 128,
          "Enabled": true,
          "IsBeingPressed": false,
          "NeedRedraw": true,
          "IsHovered": false,
          "CurrentHaloRadius": 128,
          "HaloGrowSpeed": 0.3,
          "TargetHaloRadius": 0.2999999523162842,
          "ToggleChanged": false,
          "PrimaryColor": " 24;119;211",
          "SecondaryColor": "255;255;255",
          "SideLength": 24,
          "LineWidth": 5,
          "BorderThickness": 2,
          "HaloRadiusPressed": 2
        }
      ],
      "fillOpacity": 255,
      "outlineSize": 1,
      "outlineOpacity": 255,
      "fillColor": {
        "b": 255,
        "g": 255,
        "r": 255
      },
      "outlineColor": {
        "b": 0,
        "g": 0,
        "r": 0
      },
      "absoluteCoordinates": false,
      "clearBetweenFrames": true
    },
    {
      "assetStoreId": "",
      "name": "keysp",
      "tags": "",
      "type": "PrimitiveDrawing::Drawer",
      "variables": [],
      "effects": [],
      "behaviors": [
        {
          "name": "Checkbox",
          "type": "Checkbox::Checkbox",
          "Checked": false,
          "HaloRadiusHover": 0,
          "HaloOpacityHover": 64,
          "HaloOpacityClick": 128,
          "Enabled": true,
          "IsBeingPressed": false,
          "NeedRedraw": true,
          "IsHovered": false,
          "CurrentHaloRadius": 128,
          "HaloGrowSpeed": 0.3,
          "TargetHaloRadius": 0.2999999523162842,
          "ToggleChanged": false,
          "PrimaryColor": " 24;119;211",
          "SecondaryColor": "255;255;255",
          "SideLength": 24,
          "LineWidth": 5,
          "BorderThickness": 2,
          "HaloRadiusPressed": 2
        }
      ],
      "fillOpacity": 255,
      "outlineSize": 1,
      "outlineOpacity": 255,
      "fillColor": {
        "b": 255,
        "g": 255,
        "r": 255
      },
      "outlineColor": {
        "b": 0,
        "g": 0,
        "r": 0
      },
      "absoluteCoordinates": false,
      "clearBetweenFrames": true
    },
    {
      "assetStoreId": "",
      "bold": false,
      "italic": false,
      "name": "start",
      "smoothed": true,
      "tags": "",
      "type": "TextObject::Text",
      "underlined": false,
      "variables": [],
      "effects": [],
      "behaviors": [
        {
          "name": "button",
          "type": "MouseHelper::button"
        }
      ],
      "string": "Start Game",
      "font": "",
      "characterSize": 25,
      "color": {
        "b": 0,
        "g": 0,
        "r": 255
      }
    },
    {
      "assetStoreId": "",
      "name": "trans",
      "tags": "",
      "type": "PrimitiveDrawing::Drawer",
      "variables": [],
      "effects": [],
      "behaviors": [
        {
          "name": "FlashTransitionPainter",
          "type": "FlashTransitionPainter::FlashTransitionPainter",
          "Timer": 1,
          "Color": "255;255;255",
          "Type": "",
          "Direction": "",
          "MaxOpacity": 255
        }
      ],
      "fillOpacity": 255,
      "outlineSize": 1,
      "outlineOpacity": 255,
      "fillColor": {
        "b": 255,
        "g": 255,
        "r": 255
      },
      "outlineColor": {
        "b": 0,
        "g": 0,
        "r": 0
      },
      "absoluteCoordinates": false,
      "clearBetweenFrames": true
    }
  ],
  "events": [
    {
      "type": "BuiltinCommonInstructions::Standard",
      "conditions": [
        {
          "type": {
            "value": "DepartScene"
          },
          "parameters": [
            ""
          ]
        }
      ],
      "actions": [
        {
          "type": {
            "value": "Opacity"
          },
          "parameters": [
            "bfade",
            "=",
            "0"
          ]
        },
        {
          "type": {
            "value": "ShowLayer"
          },
          "parameters": [
            "",
            "\"wfade\""
          ]
        },
        {
          "type": {
            "value": "HideLayer"
          },
          "parameters": [
            "",
            "\"bfade\""
          ]
        },
        {
          "type": {
            "value": "Wait"
          },
          "parameters": [
            "1"
          ]
        },
        {
          "type": {
            "value": "Tween::AddObjectOpacityTween"
          },
          "parameters": [
            "wfade",
            "Tween",
            "\"wfade\"",
            "0",
            "\"linear\"",
            "1000",
            ""
          ]
        }
      ]
    },
    {
      "type": "BuiltinCommonInstructions::Standard",
      "conditions": [
        {
          "type": {
            "value": "MouseHelper::button::isClicked"
          },
          "parameters": [
            "start",
            "button",
            ""
          ]
        },
        {
          "type": {
            "value": "Checkbox::Checkbox::IsChecked"
          },
          "parameters": [
            "numsp",
            "Checkbox",
            ""
          ]
        },
        {
          "type": {
            "inverted": true,
            "value": "Checkbox::Checkbox::IsChecked"
          },
          "parameters": [
            "keysp",
            "Checkbox",
            ""
          ]
        }
      ],
      "actions": [
        {
          "type": {
            "value": "ShowLayer"
          },
          "parameters": [
            "",
            "\"bfade\""
          ]
        },
        {
          "type": {
            "value": "Tween::AddObjectOpacityTween"
          },
          "parameters": [
            "bfade",
            "Tween",
            "\"bfade\"",
            "255",
            "\"linear\"",
            "1000",
            ""
          ]
        },
        {
          "type": {
            "value": "Wait"
          },
          "parameters": [
            "2"
          ]
        },
        {
          "type": {
            "value": "FlashTransitionPainter::FlashTransitionPainter::PaintEffect"
          },
          "parameters": [
            "trans",
            "FlashTransitionPainter",
            "\"65;117;5\"",
            "1",
            "\"Circular\"",
            "\"Forward\"",
            "",
            ""
          ]
        },
        {
          "type": {
            "value": "Wait"
          },
          "parameters": [
            "1.2"
          ]
        },
        {
          "type": {
            "value": "Scene"
          },
          "parameters": [
            "",
            "\"game\"",
            ""
          ]
        }
      ]
    },
    {
      "type": "BuiltinCommonInstructions::Standard",
      "conditions": [
        {
          "type": {
            "value": "MouseHelper::button::isClicked"
          },
          "parameters": [
            "start",
            "button",
            ""
          ]
        },
        {
          "type": {
            "inverted": true,
            "value": "Checkbox::Checkbox::IsChecked"
          },
          "parameters": [
            "numsp",
            "Checkbox",
            ""
          ]
        },
        {
          "type": {
            "value": "Checkbox::Checkbox::IsChecked"
          },
          "parameters": [
            "keysp",
            "Checkbox",
            ""
          ]
        }
      ],
      "actions": [
        {
          "type": {
            "value": "ShowLayer"
          },
          "parameters": [
            "",
            "\"bfade\""
          ]
        },
        {
          "type": {
            "value": "Tween::AddObjectOpacityTween"
          },
          "parameters": [
            "bfade",
            "Tween",
            "\"bfade\"",
            "255",
            "\"linear\"",
            "1000",
            ""
          ]
        },
        {
          "type": {
            "value": "Wait"
          },
          "parameters": [
            "1"
          ]
        },
        {
          "type": {
            "value": "FlashTransitionPainter::FlashTransitionPainter::PaintEffect"
          },
          "parameters": [
            "trans",
            "FlashTransitionPainter",
            "\"65;117;5\"",
            "1",
            "\"Horizontal\"",
            "\"Both\"",
            "",
            ""
          ]
        }
      ]
    },
    {
      "type": "BuiltinCommonInstructions::Standard",
      "conditions": [],
      "actions": []
    }
  ],
  "layers": [
    {
      "ambientLightColorB": 6910834,
      "ambientLightColorG": 1700160615,
      "ambientLightColorR": 0,
      "followBaseLayerCamera": false,
      "isLightingLayer": false,
      "name": "",
      "visibility": true,
      "cameras": [
        {
          "defaultSize": true,
          "defaultViewport": true,
          "height": 0,
          "viewportBottom": 1,
          "viewportLeft": 0,
          "viewportRight": 1,
          "viewportTop": 0,
          "width": 0
        }
      ],
      "effects": []
    },
    {
      "ambientLightColorB": 8341512,
      "ambientLightColorG": 6054000,
      "ambientLightColorR": 9561496,
      "followBaseLayerCamera": false,
      "isLightingLayer": false,
      "name": "wfade",
      "visibility": false,
      "cameras": [],
      "effects": []
    },
    {
      "ambientLightColorB": 10332456,
      "ambientLightColorG": 6054000,
      "ambientLightColorR": 19028712,
      "followBaseLayerCamera": false,
      "isLightingLayer": false,
      "name": "bfade",
      "visibility": false,
      "cameras": [],
      "effects": []
    },
    {
      "ambientLightColorB": 19572408,
      "ambientLightColorG": 6054000,
      "ambientLightColorR": 18971368,
      "followBaseLayerCamera": false,
      "isLightingLayer": false,
      "name": "trans",
      "visibility": true,
      "cameras": [],
      "effects": []
    }
  ],
  "behaviorsSharedData": [
    {
      "name": "Checkbox",
      "type": "Checkbox::Checkbox"
    },
    {
      "name": "FlashTransitionPainter",
      "type": "FlashTransitionPainter::FlashTransitionPainter"
    },
    {
      "name": "Tween",
      "type": "Tween::TweenBehavior"
    },
    {
      "name": "button",
      "type": "MouseHelper::button"
    }
  ]
}