{
  "firstLayout": "",
  "gdVersion": {
    "build": 99,
    "major": 4,
    "minor": 0,
    "revision": 0
  },
  "properties": {
    "adaptGameResolutionAtRuntime": true,
    "folderProject": true,
    "orientation": "portrait",
    "packageName": "com.pinlin.knight.nokia.itsicecreeperpe",
    "pixelsRounding": true,
    "projectUuid": "5190e377-78f2-4b50-9851-406b4288e248",
    "scaleMode": "nearest",
    "sizeOnStartupMode": "",
    "templateSlug": "",
    "useExternalSourceFiles": false,
    "version": "1.0.0",
    "name": "PinLin Knight",
    "description": "You are a knight in PinLin Kingdom and you are gonna protect everyone. You must do all tasks that king assigns for you.\n\nUse Numpad on Keyboard and press titles to goto another scene on mobile\n\nLinks: \nhttps://itsicecreeperpe.itch.io/pinlin-knight\nhttps://gamejolt.com/games/pinlin-knight/768833\nhttps://github.com/Official-IceCreeperPE/pinlin-knight\nhttps://liluo.io/itsicecreeperpe/pinlin-knight\n\nMade for Old Phone Game Jam​\nhttps://itch.io/jam/old-phone-jam​​",
    "author": "ItsIceCreeperPE",
    "windowWidth": 240,
    "windowHeight": 320,
    "latestCompilationDirectory": "",
    "maxFPS": 10,
    "minFPS": 5,
    "verticalSync": false,
    "platformSpecificAssets": {
      "android-icon-144": "android-icon-144.png",
      "android-icon-192": "android-icon-192.png",
      "android-icon-36": "android-icon-36.png",
      "android-icon-48": "android-icon-48.png",
      "android-icon-72": "android-icon-72.png",
      "android-icon-96": "android-icon-96.png",
      "android-windowSplashScreenAnimatedIcon": "android-windowSplashScreenAnimatedIcon.png",
      "desktop-icon-512": "desktop-icon-512.png",
      "ios-icon-100": "ios-icon-100.png",
      "ios-icon-1024": "ios-icon-1024.png",
      "ios-icon-114": "ios-icon-114.png",
      "ios-icon-120": "ios-icon-120.png",
      "ios-icon-144": "ios-icon-144.png",
      "ios-icon-152": "ios-icon-152.png",
      "ios-icon-167": "ios-icon-167.png",
      "ios-icon-180": "ios-icon-180.png",
      "ios-icon-20": "ios-icon-20.png",
      "ios-icon-29": "ios-icon-29.png",
      "ios-icon-40": "ios-icon-40.png",
      "ios-icon-50": "ios-icon-50.png",
      "ios-icon-57": "ios-icon-57.png",
      "ios-icon-58": "ios-icon-58.png",
      "ios-icon-60": "ios-icon-60.png",
      "ios-icon-72": "ios-icon-72.png",
      "ios-icon-76": "ios-icon-76.png",
      "ios-icon-80": "ios-icon-80.png",
      "ios-icon-87": "ios-icon-87.png",
      "liluo-thumbnail": "assets\\thumbnail.png"
    },
    "loadingScreen": {
      "backgroundColor": 0,
      "backgroundFadeInDuration": 0.2,
      "backgroundImageResourceName": "",
      "gdevelopLogoStyle": "light",
      "logoAndProgressFadeInDuration": 0.2,
      "logoAndProgressLogoFadeInDelay": 0.2,
      "minDuration": 1.5,
      "progressBarColor": 16777215,
      "progressBarHeight": 20,
      "progressBarMaxWidth": 200,
      "progressBarMinWidth": 40,
      "progressBarWidthPercent": 30,
      "showGDevelopSplash": true,
      "showProgressBar": true
    },
    "authorIds": [
      "wJNvBw2TGEZ09MUQUZDv8c12dig1"
    ],
    "categories": [
      "adventure"
    ],
    "playableDevices": [
      "keyboard",
      "mobile"
    ],
    "extensionProperties": [],
    "platforms": [
      {
        "name": "GDevelop JS platform"
      }
    ],
    "currentPlatform": "GDevelop JS platform"
  },
  "resources": {
    "resources": [
      {
        "alwaysLoaded": false,
        "file": "assets/placeholders/white.png",
        "kind": "image",
        "metadata": "",
        "name": "assets\\placeholders\\white.png",
        "smoothed": false,
        "userAdded": true
      },
      {
        "alwaysLoaded": false,
        "file": "assets/placeholders/black.png",
        "kind": "image",
        "metadata": "",
        "name": "assets\\placeholders\\black.png",
        "smoothed": false,
        "userAdded": true
      },
      {
        "alwaysLoaded": false,
        "file": "assets/placeholders/gren-1.png",
        "kind": "image",
        "metadata": "",
        "name": "assets\\placeholders\\gren-1.png",
        "smoothed": false,
        "userAdded": false
      },
      {
        "file": "assets/fonts/karmaticarcade.ttf",
        "kind": "font",
        "metadata": "",
        "name": "assets\\fonts\\karmaticarcade.ttf",
        "userAdded": false
      },
      {
        "file": "assets/fonts/arcadepix.ttf",
        "kind": "font",
        "metadata": "",
        "name": "assets\\fonts\\arcadepix.ttf",
        "userAdded": false
      },
      {
        "file": "assets/fonts/minecraft.ttf",
        "kind": "font",
        "metadata": "",
        "name": "assets\\fonts\\minecraft.ttf",
        "userAdded": false
      },
      {
        "file": "assets/fonts/videotype.ttf",
        "kind": "font",
        "metadata": "",
        "name": "assets\\fonts\\videotype.ttf",
        "userAdded": false
      },
      {
        "alwaysLoaded": false,
        "file": "assets/Floor_Clean.png",
        "kind": "image",
        "metadata": "",
        "name": "Floor_Clean.png",
        "smoothed": false,
        "userAdded": false,
        "origin": {
          "identifier": "https://asset-resources.gdevelop.io/public-resources/16x16 Dungeon Tileset/Floor/fdbaad501362790bd57187ff43d62c521f0a58b98697dcb2d058ed359b1dffa8_Floor_Clean.png",
          "name": "Floor_Clean.png"
        }
      },
      {
        "alwaysLoaded": false,
        "file": "assets/Floor_Cracks1.png",
        "kind": "image",
        "metadata": "",
        "name": "Floor_Cracks1.png",
        "smoothed": false,
        "userAdded": false,
        "origin": {
          "identifier": "https://asset-resources.gdevelop.io/public-resources/16x16 Dungeon Tileset/Floor/91efa9c4a84b00d0abdd615a0b632afaab3a0ad8749b9c73b767e1d6b68a7124_Floor_Cracks1.png",
          "name": "Floor_Cracks1.png"
        }
      },
      {
        "alwaysLoaded": false,
        "file": "assets/Floor_Cracks2.png",
        "kind": "image",
        "metadata": "",
        "name": "Floor_Cracks2.png",
        "smoothed": false,
        "userAdded": false,
        "origin": {
          "identifier": "https://asset-resources.gdevelop.io/public-resources/16x16 Dungeon Tileset/Floor/e3aa42d4d3c1c3beb07bef71bab4cadcb145988d872d67e477209b5494ac30a0_Floor_Cracks2.png",
          "name": "Floor_Cracks2.png"
        }
      },
      {
        "alwaysLoaded": false,
        "file": "assets/Floor_Cracks3.png",
        "kind": "image",
        "metadata": "",
        "name": "Floor_Cracks3.png",
        "smoothed": false,
        "userAdded": false,
        "origin": {
          "identifier": "https://asset-resources.gdevelop.io/public-resources/16x16 Dungeon Tileset/Floor/ca5a5046a9fa10350405d669e9e38d7ea3b9586ce33e9d679de70b728a5bd30c_Floor_Cracks3.png",
          "name": "Floor_Cracks3.png"
        }
      },
      {
        "alwaysLoaded": false,
        "file": "assets/Floor_Cracks4.png",
        "kind": "image",
        "metadata": "",
        "name": "Floor_Cracks4.png",
        "smoothed": false,
        "userAdded": false,
        "origin": {
          "identifier": "https://asset-resources.gdevelop.io/public-resources/16x16 Dungeon Tileset/Floor/62480013f81b59b6bba79ac24881e2677898b2cffbda31def8b48d40d0d6c9a2_Floor_Cracks4.png",
          "name": "Floor_Cracks4.png"
        }
      },
      {
        "alwaysLoaded": false,
        "file": "assets/Floor_Cracks5.png",
        "kind": "image",
        "metadata": "",
        "name": "Floor_Cracks5.png",
        "smoothed": false,
        "userAdded": false,
        "origin": {
          "identifier": "https://asset-resources.gdevelop.io/public-resources/16x16 Dungeon Tileset/Floor/40f82a9aaec9518c10c9770ac49d9551e17ebfa56b718a35a0206754dc7909e6_Floor_Cracks5.png",
          "name": "Floor_Cracks5.png"
        }
      },
      {
        "alwaysLoaded": false,
        "file": "assets/Floor_Cracks6.png",
        "kind": "image",
        "metadata": "",
        "name": "Floor_Cracks6.png",
        "smoothed": false,
        "userAdded": false,
        "origin": {
          "identifier": "https://asset-resources.gdevelop.io/public-resources/16x16 Dungeon Tileset/Floor/42d983f03fb6693916b23ece84d0eb407956272162966d70a64fc65815894992_Floor_Cracks6.png",
          "name": "Floor_Cracks6.png"
        }
      },
      {
        "alwaysLoaded": false,
        "file": "assets/Floor_Cracks7.png",
        "kind": "image",
        "metadata": "",
        "name": "Floor_Cracks7.png",
        "smoothed": false,
        "userAdded": false,
        "origin": {
          "identifier": "https://asset-resources.gdevelop.io/public-resources/16x16 Dungeon Tileset/Floor/073afbf6198c37674a3c241afb8823283760582a1649388db715403874f4df15_Floor_Cracks7.png",
          "name": "Floor_Cracks7.png"
        }
      },
      {
        "alwaysLoaded": false,
        "file": "assets/Floor_Ladder.png",
        "kind": "image",
        "metadata": "",
        "name": "Floor_Ladder.png",
        "smoothed": false,
        "userAdded": false,
        "origin": {
          "identifier": "https://asset-resources.gdevelop.io/public-resources/16x16 Dungeon Tileset/Floor/5adc23ade4d6419446a8defacfe6f2977841787593af5886ffd060f576ef21ec_Floor_Ladder.png",
          "name": "Floor_Ladder.png"
        }
      },
      {
        "alwaysLoaded": false,
        "file": "assets/Wall Mid.png",
        "kind": "image",
        "metadata": "",
        "name": "Wall Mid.png",
        "smoothed": false,
        "userAdded": false,
        "origin": {
          "identifier": "https://asset-resources.gdevelop.io/public-resources/16x16 Dungeon Tileset/Walls/01fcd22a06c89162a3c09de6116a8acf4bcb7c4cd5ff26badf7179fb7cb5ba2e_Wall Mid.png",
          "name": "Wall Mid.png"
        }
      },
      {
        "alwaysLoaded": false,
        "file": "assets/Wall Banner Green.png",
        "kind": "image",
        "metadata": "",
        "name": "Wall Banner Green.png",
        "smoothed": false,
        "userAdded": false,
        "origin": {
          "identifier": "https://asset-resources.gdevelop.io/public-resources/16x16 Dungeon Tileset/Walls/dfa9cbaecb3f5dbfbcb111ca76566967125bf8fe82d5a889e997f2c3583b9816_Wall Banner Green.png",
          "name": "Wall Banner Green.png"
        }
      },
      {
        "alwaysLoaded": false,
        "file": "assets/Knight Male_Hit.png",
        "kind": "image",
        "metadata": "",
        "name": "Knight Male_Hit.png",
        "smoothed": false,
        "userAdded": false,
        "origin": {
          "identifier": "https://asset-resources.gdevelop.io/public-resources/16x16 Dungeon Tileset/Characters/4662f7640e65f944ae1634078823aa5c4ac3fa25dcfd6262865f504d1a02f8b1_Knight Male_Hit.png",
          "name": "Knight Male_Hit.png"
        }
      },
      {
        "alwaysLoaded": false,
        "file": "assets/Knight Male_Idle_1.png",
        "kind": "image",
        "metadata": "",
        "name": "Knight Male_Idle_1.png",
        "smoothed": false,
        "userAdded": false,
        "origin": {
          "identifier": "https://asset-resources.gdevelop.io/public-resources/16x16 Dungeon Tileset/Characters/ce68890327d11e873fb58f43a0e47d277d9669e8dd737984e157d6b06e998f60_Knight Male_Idle_1.png",
          "name": "Knight Male_Idle_1.png"
        }
      },
      {
        "alwaysLoaded": false,
        "file": "assets/Knight Male_Idle_2.png",
        "kind": "image",
        "metadata": "",
        "name": "Knight Male_Idle_2.png",
        "smoothed": false,
        "userAdded": false,
        "origin": {
          "identifier": "https://asset-resources.gdevelop.io/public-resources/16x16 Dungeon Tileset/Characters/d9d17ab0cee477544c136a7b5c363b6cc3c7c3cc7ec2debcbe00ece92e13f920_Knight Male_Idle_2.png",
          "name": "Knight Male_Idle_2.png"
        }
      },
      {
        "alwaysLoaded": false,
        "file": "assets/Knight Male_Idle_3.png",
        "kind": "image",
        "metadata": "",
        "name": "Knight Male_Idle_3.png",
        "smoothed": false,
        "userAdded": false,
        "origin": {
          "identifier": "https://asset-resources.gdevelop.io/public-resources/16x16 Dungeon Tileset/Characters/b78922d5eb7e50ffee58ae1dd392a6f606000f5eb810d1a9ef26a8aa87a90a6b_Knight Male_Idle_3.png",
          "name": "Knight Male_Idle_3.png"
        }
      },
      {
        "alwaysLoaded": false,
        "file": "assets/Knight Male_Idle_4.png",
        "kind": "image",
        "metadata": "",
        "name": "Knight Male_Idle_4.png",
        "smoothed": false,
        "userAdded": false,
        "origin": {
          "identifier": "https://asset-resources.gdevelop.io/public-resources/16x16 Dungeon Tileset/Characters/d78ec54e7b9ff6d63f87e8e2d90460afa43f4b3f2523c9db5ff914a66e5ab8f8_Knight Male_Idle_4.png",
          "name": "Knight Male_Idle_4.png"
        }
      },
      {
        "alwaysLoaded": false,
        "file": "assets/Knight Male_Run_1.png",
        "kind": "image",
        "metadata": "",
        "name": "Knight Male_Run_1.png",
        "smoothed": false,
        "userAdded": false,
        "origin": {
          "identifier": "https://asset-resources.gdevelop.io/public-resources/16x16 Dungeon Tileset/Characters/da58eb62fb6e48651b5be0faa19bd73c70de750b56cd15bf25906963f78e268a_Knight Male_Run_1.png",
          "name": "Knight Male_Run_1.png"
        }
      },
      {
        "alwaysLoaded": false,
        "file": "assets/Knight Male_Run_2.png",
        "kind": "image",
        "metadata": "",
        "name": "Knight Male_Run_2.png",
        "smoothed": false,
        "userAdded": false,
        "origin": {
          "identifier": "https://asset-resources.gdevelop.io/public-resources/16x16 Dungeon Tileset/Characters/665e8e1044b8b4345f2e09755c7d6986f652e27a489353109469a74b729a7410_Knight Male_Run_2.png",
          "name": "Knight Male_Run_2.png"
        }
      },
      {
        "alwaysLoaded": false,
        "file": "assets/Knight Male_Run_3.png",
        "kind": "image",
        "metadata": "",
        "name": "Knight Male_Run_3.png",
        "smoothed": false,
        "userAdded": false,
        "origin": {
          "identifier": "https://asset-resources.gdevelop.io/public-resources/16x16 Dungeon Tileset/Characters/850d450cd610c600994a6c6df6a580633bf47b4fb52bb79b2ea2f9cf051bc261_Knight Male_Run_3.png",
          "name": "Knight Male_Run_3.png"
        }
      },
      {
        "alwaysLoaded": false,
        "file": "assets/Knight Male_Run_4.png",
        "kind": "image",
        "metadata": "",
        "name": "Knight Male_Run_4.png",
        "smoothed": false,
        "userAdded": false,
        "origin": {
          "identifier": "https://asset-resources.gdevelop.io/public-resources/16x16 Dungeon Tileset/Characters/51e411da180791a5d24f1c4d84b7e85edd58c098ae7ab5cfc27f7fac6c04e98f_Knight Male_Run_4.png",
          "name": "Knight Male_Run_4.png"
        }
      },
      {
        "alwaysLoaded": false,
        "file": "assets/Lavish Sword.png",
        "kind": "image",
        "metadata": "",
        "name": "Lavish Sword.png",
        "smoothed": false,
        "userAdded": false,
        "origin": {
          "identifier": "https://asset-resources.gdevelop.io/public-resources/16x16 Dungeon Tileset/Weapons/6e0edc7e2193fbedfebf42f7334c0b92e0eefd49920dc9c6b6b1c78b1137a573_Lavish Sword.png",
          "name": "Lavish Sword.png"
        }
      },
      {
        "alwaysLoaded": false,
        "file": "assets/world/Floor_Clean.png",
        "kind": "image",
        "metadata": "",
        "name": "assets\\world\\Floor_Clean.png",
        "smoothed": false,
        "userAdded": true
      },
      {
        "alwaysLoaded": false,
        "file": "assets/world/Floor_Cracks1.png",
        "kind": "image",
        "metadata": "",
        "name": "assets\\world\\Floor_Cracks1.png",
        "smoothed": false,
        "userAdded": true
      },
      {
        "alwaysLoaded": false,
        "file": "assets/world/Floor_Cracks2.png",
        "kind": "image",
        "metadata": "",
        "name": "assets\\world\\Floor_Cracks2.png",
        "smoothed": false,
        "userAdded": true
      },
      {
        "alwaysLoaded": false,
        "file": "assets/world/Floor_Cracks3.png",
        "kind": "image",
        "metadata": "",
        "name": "assets\\world\\Floor_Cracks3.png",
        "smoothed": false,
        "userAdded": true
      },
      {
        "alwaysLoaded": false,
        "file": "assets/world/Floor_Cracks4.png",
        "kind": "image",
        "metadata": "",
        "name": "assets\\world\\Floor_Cracks4.png",
        "smoothed": false,
        "userAdded": true
      },
      {
        "alwaysLoaded": false,
        "file": "assets/world/Floor_Cracks5.png",
        "kind": "image",
        "metadata": "",
        "name": "assets\\world\\Floor_Cracks5.png",
        "smoothed": false,
        "userAdded": true
      },
      {
        "alwaysLoaded": false,
        "file": "assets/world/Floor_Cracks6.png",
        "kind": "image",
        "metadata": "",
        "name": "assets\\world\\Floor_Cracks6.png",
        "smoothed": false,
        "userAdded": true
      },
      {
        "alwaysLoaded": false,
        "file": "assets/world/Floor_Cracks7.png",
        "kind": "image",
        "metadata": "",
        "name": "assets\\world\\Floor_Cracks7.png",
        "smoothed": false,
        "userAdded": true
      },
      {
        "alwaysLoaded": false,
        "file": "assets/world/Wall Mid.png",
        "kind": "image",
        "metadata": "",
        "name": "assets\\world\\Wall Mid.png",
        "smoothed": false,
        "userAdded": true
      },
      {
        "alwaysLoaded": false,
        "file": "assets/world/Wall Banner Green.png",
        "kind": "image",
        "metadata": "",
        "name": "assets\\world\\Wall Banner Green.png",
        "smoothed": false,
        "userAdded": true
      },
      {
        "alwaysLoaded": false,
        "file": "assets/player/Knight Male_Idle_1.png",
        "kind": "image",
        "metadata": "",
        "name": "assets\\player\\Knight Male_Idle_1.png",
        "smoothed": false,
        "userAdded": false
      },
      {
        "alwaysLoaded": false,
        "file": "assets/player/Knight Male_Idle_2.png",
        "kind": "image",
        "metadata": "",
        "name": "assets\\player\\Knight Male_Idle_2.png",
        "smoothed": false,
        "userAdded": false
      },
      {
        "alwaysLoaded": false,
        "file": "assets/player/Knight Male_Idle_3.png",
        "kind": "image",
        "metadata": "",
        "name": "assets\\player\\Knight Male_Idle_3.png",
        "smoothed": false,
        "userAdded": true
      },
      {
        "alwaysLoaded": false,
        "file": "assets/player/Knight Male_Idle_4.png",
        "kind": "image",
        "metadata": "",
        "name": "assets\\player\\Knight Male_Idle_4.png",
        "smoothed": false,
        "userAdded": false
      },
      {
        "alwaysLoaded": false,
        "file": "assets/player/Knight Male_Run_1.png",
        "kind": "image",
        "metadata": "",
        "name": "assets\\player\\Knight Male_Run_1.png",
        "smoothed": false,
        "userAdded": false
      },
      {
        "alwaysLoaded": false,
        "file": "assets/player/Knight Male_Run_2.png",
        "kind": "image",
        "metadata": "",
        "name": "assets\\player\\Knight Male_Run_2.png",
        "smoothed": false,
        "userAdded": false
      },
      {
        "alwaysLoaded": false,
        "file": "assets/player/Knight Male_Run_3.png",
        "kind": "image",
        "metadata": "",
        "name": "assets\\player\\Knight Male_Run_3.png",
        "smoothed": false,
        "userAdded": true
      },
      {
        "alwaysLoaded": false,
        "file": "assets/player/Knight Male_Run_4.png",
        "kind": "image",
        "metadata": "",
        "name": "assets\\player\\Knight Male_Run_4.png",
        "smoothed": false,
        "userAdded": true
      },
      {
        "alwaysLoaded": false,
        "file": "assets/player/Knight Male_Hit.png",
        "kind": "image",
        "metadata": "",
        "name": "assets\\player\\Knight Male_Hit.png",
        "smoothed": false,
        "userAdded": false
      },
      {
        "alwaysLoaded": false,
        "file": "assets/player/Lavish Sword.png",
        "kind": "image",
        "metadata": "",
        "name": "assets\\player\\Lavish Sword.png",
        "smoothed": false,
        "userAdded": true
      },
      {
        "alwaysLoaded": false,
        "file": "assets/Muddy_Idle_1.png",
        "kind": "image",
        "metadata": "",
        "name": "Muddy_Idle_1.png",
        "smoothed": false,
        "userAdded": false,
        "origin": {
          "identifier": "https://asset-resources.gdevelop.io/public-resources/16x16 Dungeon Tileset/Characters/441b19e18f223e184263d42efc80cd3a765b0695eb1dd8f645680b32a4990c8f_Muddy_Idle_1.png",
          "name": "Muddy_Idle_1.png"
        }
      },
      {
        "alwaysLoaded": false,
        "file": "assets/Muddy_Idle_2.png",
        "kind": "image",
        "metadata": "",
        "name": "Muddy_Idle_2.png",
        "smoothed": false,
        "userAdded": false,
        "origin": {
          "identifier": "https://asset-resources.gdevelop.io/public-resources/16x16 Dungeon Tileset/Characters/8ab83f1fae94cdbad5175998ef7d601c7de1346c906a9d5bd01f93465561c908_Muddy_Idle_2.png",
          "name": "Muddy_Idle_2.png"
        }
      },
      {
        "alwaysLoaded": false,
        "file": "assets/Muddy_Idle_3.png",
        "kind": "image",
        "metadata": "",
        "name": "Muddy_Idle_3.png",
        "smoothed": false,
        "userAdded": false,
        "origin": {
          "identifier": "https://asset-resources.gdevelop.io/public-resources/16x16 Dungeon Tileset/Characters/736ae8e477f156c97391aebd9a8329a8e9fc167e89f215b96eb8395ae4f1d02c_Muddy_Idle_3.png",
          "name": "Muddy_Idle_3.png"
        }
      },
      {
        "alwaysLoaded": false,
        "file": "assets/Muddy_Idle_4.png",
        "kind": "image",
        "metadata": "",
        "name": "Muddy_Idle_4.png",
        "smoothed": false,
        "userAdded": false,
        "origin": {
          "identifier": "https://asset-resources.gdevelop.io/public-resources/16x16 Dungeon Tileset/Characters/bfc7aef783f7e3aaa402fbada4a7f016d76260dd8bac082f1af061043694c5fc_Muddy_Idle_4.png",
          "name": "Muddy_Idle_4.png"
        }
      },
      {
        "alwaysLoaded": false,
        "file": "assets/Muddy_Run_1.png",
        "kind": "image",
        "metadata": "",
        "name": "Muddy_Run_1.png",
        "smoothed": false,
        "userAdded": false,
        "origin": {
          "identifier": "https://asset-resources.gdevelop.io/public-resources/16x16 Dungeon Tileset/Characters/441b19e18f223e184263d42efc80cd3a765b0695eb1dd8f645680b32a4990c8f_Muddy_Run_1.png",
          "name": "Muddy_Run_1.png"
        }
      },
      {
        "alwaysLoaded": false,
        "file": "assets/Muddy_Run_2.png",
        "kind": "image",
        "metadata": "",
        "name": "Muddy_Run_2.png",
        "smoothed": false,
        "userAdded": false,
        "origin": {
          "identifier": "https://asset-resources.gdevelop.io/public-resources/16x16 Dungeon Tileset/Characters/8ab83f1fae94cdbad5175998ef7d601c7de1346c906a9d5bd01f93465561c908_Muddy_Run_2.png",
          "name": "Muddy_Run_2.png"
        }
      },
      {
        "alwaysLoaded": false,
        "file": "assets/Muddy_Run_3.png",
        "kind": "image",
        "metadata": "",
        "name": "Muddy_Run_3.png",
        "smoothed": false,
        "userAdded": false,
        "origin": {
          "identifier": "https://asset-resources.gdevelop.io/public-resources/16x16 Dungeon Tileset/Characters/736ae8e477f156c97391aebd9a8329a8e9fc167e89f215b96eb8395ae4f1d02c_Muddy_Run_3.png",
          "name": "Muddy_Run_3.png"
        }
      },
      {
        "alwaysLoaded": false,
        "file": "assets/Muddy_Run_4.png",
        "kind": "image",
        "metadata": "",
        "name": "Muddy_Run_4.png",
        "smoothed": false,
        "userAdded": false,
        "origin": {
          "identifier": "https://asset-resources.gdevelop.io/public-resources/16x16 Dungeon Tileset/Characters/bfc7aef783f7e3aaa402fbada4a7f016d76260dd8bac082f1af061043694c5fc_Muddy_Run_4.png",
          "name": "Muddy_Run_4.png"
        }
      },
      {
        "alwaysLoaded": false,
        "file": "assets/Diamond Ring_No Shadow.png",
        "kind": "image",
        "metadata": "",
        "name": "Diamond Ring_No Shadow.png",
        "smoothed": false,
        "userAdded": false,
        "origin": {
          "identifier": "https://asset-resources.gdevelop.io/public-resources/32x32 Fantasy Icons Pack v2/Icons/Clothing & Armor/964f3245b7041c52d361462b91f820fdc1d8cd0afbb2e85d0d70b645cc244881_Diamond Ring_No Shadow.png",
          "name": "Diamond Ring_No Shadow.png"
        }
      },
      {
        "alwaysLoaded": false,
        "file": "assets/Diamond Ring_Shadow.png",
        "kind": "image",
        "metadata": "",
        "name": "Diamond Ring_Shadow.png",
        "smoothed": false,
        "userAdded": false,
        "origin": {
          "identifier": "https://asset-resources.gdevelop.io/public-resources/32x32 Fantasy Icons Pack v2/Icons/Clothing & Armor/61b7150105541a4f6aa0ffd6b2981ae1b4693f48dd8b25bce40c4acf2d0a61f3_Diamond Ring_Shadow.png",
          "name": "Diamond Ring_Shadow.png"
        }
      },
      {
        "alwaysLoaded": false,
        "file": "desktop-icon-512.png",
        "kind": "image",
        "metadata": "",
        "name": "desktop-icon-512.png",
        "smoothed": true,
        "userAdded": true
      },
      {
        "alwaysLoaded": false,
        "file": "android-icon-192.png",
        "kind": "image",
        "metadata": "",
        "name": "android-icon-192.png",
        "smoothed": true,
        "userAdded": true
      },
      {
        "alwaysLoaded": false,
        "file": "android-icon-144.png",
        "kind": "image",
        "metadata": "",
        "name": "android-icon-144.png",
        "smoothed": true,
        "userAdded": true
      },
      {
        "alwaysLoaded": false,
        "file": "android-icon-96.png",
        "kind": "image",
        "metadata": "",
        "name": "android-icon-96.png",
        "smoothed": true,
        "userAdded": true
      },
      {
        "alwaysLoaded": false,
        "file": "android-icon-72.png",
        "kind": "image",
        "metadata": "",
        "name": "android-icon-72.png",
        "smoothed": true,
        "userAdded": true
      },
      {
        "alwaysLoaded": false,
        "file": "android-icon-48.png",
        "kind": "image",
        "metadata": "",
        "name": "android-icon-48.png",
        "smoothed": true,
        "userAdded": true
      },
      {
        "alwaysLoaded": false,
        "file": "android-icon-36.png",
        "kind": "image",
        "metadata": "",
        "name": "android-icon-36.png",
        "smoothed": true,
        "userAdded": true
      },
      {
        "alwaysLoaded": false,
        "file": "android-windowSplashScreenAnimatedIcon.png",
        "kind": "image",
        "metadata": "",
        "name": "android-windowSplashScreenAnimatedIcon.png",
        "smoothed": true,
        "userAdded": true
      },
      {
        "alwaysLoaded": false,
        "file": "ios-icon-1024.png",
        "kind": "image",
        "metadata": "",
        "name": "ios-icon-1024.png",
        "smoothed": true,
        "userAdded": true
      },
      {
        "alwaysLoaded": false,
        "file": "ios-icon-180.png",
        "kind": "image",
        "metadata": "",
        "name": "ios-icon-180.png",
        "smoothed": true,
        "userAdded": true
      },
      {
        "alwaysLoaded": false,
        "file": "ios-icon-167.png",
        "kind": "image",
        "metadata": "",
        "name": "ios-icon-167.png",
        "smoothed": true,
        "userAdded": true
      },
      {
        "alwaysLoaded": false,
        "file": "ios-icon-152.png",
        "kind": "image",
        "metadata": "",
        "name": "ios-icon-152.png",
        "smoothed": true,
        "userAdded": true
      },
      {
        "alwaysLoaded": false,
        "file": "ios-icon-144.png",
        "kind": "image",
        "metadata": "",
        "name": "ios-icon-144.png",
        "smoothed": true,
        "userAdded": true
      },
      {
        "alwaysLoaded": false,
        "file": "ios-icon-120.png",
        "kind": "image",
        "metadata": "",
        "name": "ios-icon-120.png",
        "smoothed": true,
        "userAdded": true
      },
      {
        "alwaysLoaded": false,
        "file": "ios-icon-114.png",
        "kind": "image",
        "metadata": "",
        "name": "ios-icon-114.png",
        "smoothed": true,
        "userAdded": true
      },
      {
        "alwaysLoaded": false,
        "file": "ios-icon-100.png",
        "kind": "image",
        "metadata": "",
        "name": "ios-icon-100.png",
        "smoothed": true,
        "userAdded": true
      },
      {
        "alwaysLoaded": false,
        "file": "ios-icon-87.png",
        "kind": "image",
        "metadata": "",
        "name": "ios-icon-87.png",
        "smoothed": true,
        "userAdded": true
      },
      {
        "alwaysLoaded": false,
        "file": "ios-icon-80.png",
        "kind": "image",
        "metadata": "",
        "name": "ios-icon-80.png",
        "smoothed": true,
        "userAdded": true
      },
      {
        "alwaysLoaded": false,
        "file": "ios-icon-76.png",
        "kind": "image",
        "metadata": "",
        "name": "ios-icon-76.png",
        "smoothed": true,
        "userAdded": true
      },
      {
        "alwaysLoaded": false,
        "file": "ios-icon-72.png",
        "kind": "image",
        "metadata": "",
        "name": "ios-icon-72.png",
        "smoothed": true,
        "userAdded": true
      },
      {
        "alwaysLoaded": false,
        "file": "ios-icon-60.png",
        "kind": "image",
        "metadata": "",
        "name": "ios-icon-60.png",
        "smoothed": true,
        "userAdded": true
      },
      {
        "alwaysLoaded": false,
        "file": "ios-icon-58.png",
        "kind": "image",
        "metadata": "",
        "name": "ios-icon-58.png",
        "smoothed": true,
        "userAdded": true
      },
      {
        "alwaysLoaded": false,
        "file": "ios-icon-57.png",
        "kind": "image",
        "metadata": "",
        "name": "ios-icon-57.png",
        "smoothed": true,
        "userAdded": true
      },
      {
        "alwaysLoaded": false,
        "file": "ios-icon-50.png",
        "kind": "image",
        "metadata": "",
        "name": "ios-icon-50.png",
        "smoothed": true,
        "userAdded": true
      },
      {
        "alwaysLoaded": false,
        "file": "ios-icon-40.png",
        "kind": "image",
        "metadata": "",
        "name": "ios-icon-40.png",
        "smoothed": true,
        "userAdded": true
      },
      {
        "alwaysLoaded": false,
        "file": "ios-icon-29.png",
        "kind": "image",
        "metadata": "",
        "name": "ios-icon-29.png",
        "smoothed": true,
        "userAdded": true
      },
      {
        "alwaysLoaded": false,
        "file": "ios-icon-20.png",
        "kind": "image",
        "metadata": "",
        "name": "ios-icon-20.png",
        "smoothed": true,
        "userAdded": true
      },
      {
        "alwaysLoaded": false,
        "file": "assets/thumbnail.png",
        "kind": "image",
        "metadata": "",
        "name": "assets\\thumbnail.png",
        "smoothed": false,
        "userAdded": true
      }
    ],
    "resourceFolders": []
  },
  "objects": [],
  "objectsGroups": [],
  "variables": [
    {
      "folded": true,
      "name": "inputmethod",
      "type": "number",
      "value": 0
    },
    {
      "folded": true,
      "name": "jam",
      "type": "number",
      "value": 0
    }
  ],
  "layouts": [
    {
      "__REFERENCE_TO_SPLIT_OBJECT": true,
      "referenceTo": "/layouts/controls"
    },
    {
      "__REFERENCE_TO_SPLIT_OBJECT": true,
      "referenceTo": "/layouts/menu"
    },
    {
      "__REFERENCE_TO_SPLIT_OBJECT": true,
      "referenceTo": "/layouts/story"
    },
    {
      "__REFERENCE_TO_SPLIT_OBJECT": true,
      "referenceTo": "/layouts/links"
    },
    {
      "__REFERENCE_TO_SPLIT_OBJECT": true,
      "referenceTo": "/layouts/credits"
    },
    {
      "__REFERENCE_TO_SPLIT_OBJECT": true,
      "referenceTo": "/layouts/mis1"
    }
  ],
  "externalEvents": [],
  "eventsFunctionsExtensions": [
    {
      "__REFERENCE_TO_SPLIT_OBJECT": true,
      "referenceTo": "/eventsFunctionsExtensions/isonscreen"
    },
    {
      "__REFERENCE_TO_SPLIT_OBJECT": true,
      "referenceTo": "/eventsFunctionsExtensions/roombasedcameramovement"
    },
    {
      "__REFERENCE_TO_SPLIT_OBJECT": true,
      "referenceTo": "/eventsFunctionsExtensions/threedflip"
    },
    {
      "__REFERENCE_TO_SPLIT_OBJECT": true,
      "referenceTo": "/eventsFunctionsExtensions/repeateveryxseconds"
    },
    {
      "__REFERENCE_TO_SPLIT_OBJECT": true,
      "referenceTo": "/eventsFunctionsExtensions/health"
    },
    {
      "__REFERENCE_TO_SPLIT_OBJECT": true,
      "referenceTo": "/eventsFunctionsExtensions/gamepads"
    },
    {
      "__REFERENCE_TO_SPLIT_OBJECT": true,
      "referenceTo": "/eventsFunctionsExtensions/flashtransitionpainter"
    },
    {
      "__REFERENCE_TO_SPLIT_OBJECT": true,
      "referenceTo": "/eventsFunctionsExtensions/discordrichpresence"
    },
    {
      "__REFERENCE_TO_SPLIT_OBJECT": true,
      "referenceTo": "/eventsFunctionsExtensions/currentgameversion"
    },
    {
      "__REFERENCE_TO_SPLIT_OBJECT": true,
      "referenceTo": "/eventsFunctionsExtensions/animationsystem"
    },
    {
      "__REFERENCE_TO_SPLIT_OBJECT": true,
      "referenceTo": "/eventsFunctionsExtensions/camerashake"
    },
    {
      "__REFERENCE_TO_SPLIT_OBJECT": true,
      "referenceTo": "/eventsFunctionsExtensions/pausefocuslost"
    },
    {
      "__REFERENCE_TO_SPLIT_OBJECT": true,
      "referenceTo": "/eventsFunctionsExtensions/mousehelper"
    },
    {
      "__REFERENCE_TO_SPLIT_OBJECT": true,
      "referenceTo": "/eventsFunctionsExtensions/behaviorremapper"
    },
    {
      "__REFERENCE_TO_SPLIT_OBJECT": true,
      "referenceTo": "/eventsFunctionsExtensions/checkbox"
    }
  ],
  "externalLayouts": [],
  "externalSourceFiles": []
}